Content,Comments,Number of Comments
"TÃ¼bitak Uzay ve TÃ¼rkiye Uzay AjansÄ± Neotech Campusâ€™te! Ã–ÄŸr. GÃ¶r. OÄŸuzhan Aydemirâ€™in 2 TÃ¼rk Astronotumuzun da katÄ±lÄ±mÄ± ile gerÃ§ekleÅŸtirdiÄŸi eÄŸitim, TÃ¼bitak Uzay ve TÃ¼rkiye Uzay ajansÄ± yetkilileri ile NeoTech Campusâ€™te gerÃ§ekleÅŸti.",,0
SarÄ±yerâ€™de KÄ±zÄ±layâ€™a rekor kan baÄŸÄ±ÅŸÄ± yapan kurum olmaktan gurur duyuyoruz!,,0
GÃ¼z dÃ¶nemi yatay geÃ§iÅŸ baÅŸvurularÄ± baÅŸladÄ±! ğŸš¨ ,,0
2023 yÄ±lÄ± â€œMekanda EriÅŸebilirlik Turuncu Bayrak Ã–dÃ¼lÃ¼â€ aldÄ±k!,,0
ğŸ“£,Whatâ€™s the deadline for new student registration ?,1
ğŸ“£,,0
ğŸ“£,,0
ğŸ“£,,0
ICMARTGRID 2023 KonferansÄ± ile Parisâ€™teyiz! DetaylÄ± bilgi: https://icsmartgrid.org,,0
Ã–ÄŸretim Ã¼yemiz Dr. Hakan Tanâ€™Ä±n â€œDijital Dalgalar DÃ¶nÃ¼ÅŸÃ¼m: Cilt 2â€ isimli eseri yayÄ±mlandÄ±.,,0
"4. UluslararasÄ± NÃ¶robilim ve TÄ±p Kongresiâ€™nde 2. GÃ¼n! Kongre, konuÅŸmacÄ±larÄ±mÄ±z ile genÃ§ araÅŸtÄ±rmacÄ±larÄ±n kurs, panel ve konferanslarÄ± ile devam ediyor. FarklÄ± alanlara yer vererek, alanlar arasÄ±nda iÅŸ birliÄŸi saÄŸlÄ±yor.",,0
"Disiplinler ArasÄ± Beyin AraÅŸtÄ±rmalarÄ± DerneÄŸi tarafÄ±ndan bu yÄ±l dÃ¶rdÃ¼ncÃ¼sÃ¼ dÃ¼zenlenen 4. Ulusal NÃ¶robilim TÄ±p Kongresi NeoTech Campusâ€™te 7 farklÄ± salonda aynÄ± anda, Ã¼lkemizde ve tÃ¼m dÃ¼nyada sinirbilimi alanÄ±nda Ã§alÄ±ÅŸmalar yÃ¼rÃ¼ten uzman konuÅŸmacÄ±lar ile gerÃ§ekleÅŸiyor.",,0
â€œ4. Ulusal NÃ¶robilim ve TÄ±p Kongresi 2. Beyin Festivaliâ€ alanÄ±nda uzman birbirinden deÄŸerli konuklar eÅŸliÄŸinde  3-4 Haziran tarihlerinde NeoTech Campusâ€™te gerÃ§ekleÅŸecektir. DetaylÄ± Bilgi: http://4.norobilimkongresi.org,,0
DGS BaÅŸvurularÄ± BaÅŸladÄ±!,,0
AvantajlÄ± KayÄ±t Yenileme Son FÄ±rsat! ğŸ‘‰Son Tarih: 30 MayÄ±s https://nisantasi.edu.tr/duyuru/erken-kayit-duyurusu-hk-957787,,0
Åampiyonumuz NeoTech Campusâ€™te! ğŸŒŸ ,Herkes aÄŸÄ±rlandÄ± ama o okulda bir Ã¶ÄŸrenciler aÄŸÄ±rlanamadÄ± yazÄ±k.,1
"Ã–ÄŸrencimiz Buket GÃ¼lÃ¼bayâ€™Ä±, VakÄ±fBank KadÄ±n Voleybol TakÄ±mÄ± ile kazandÄ±ÄŸÄ± Åampiyonalar Ligi kupasÄ± sonrasÄ± Ã¼niversitemizde aÄŸÄ±rladÄ±k. Bize bu gururu yaÅŸattÄ±ÄŸÄ± iÃ§in kendisine teÅŸekkÃ¼r ediyoruz. âœ¨ğŸ§¡",,0
Ä°stanbulâ€™un Fethiâ€™nin 570. YÄ±l DÃ¶nÃ¼mÃ¼ Kutlu Olsun!,,0
"Silivri Belediye BaÅŸkanÄ± Volkan YÄ±lmaz, KÃ¼ltÃ¼r ve Turizm Bakan YardÄ±mcÄ±sÄ± Ahmet Misbah Demircan, RektÃ¶rÃ¼mÃ¼z ile birlikte Silivri kampÃ¼sÃ¼mÃ¼zdeki Sanat Merkeziâ€™ni yerinde ziyaret etti.",,0
AvantajlÄ± KayÄ±t Yenileme Son FÄ±rsat! ğŸ‘‰Son Tarih: 30 MayÄ±s https://nisantasi.edu.tr/duyuru/erken-kayit-duyurusu-hk-957787,,0
ğŸ“£,,0
ğŸ“£ GÃ¼z DÃ¶nemi BÃ¼tÃ¼nleme SÄ±navlarÄ±nÄ±n Mazeretleri 30 MayÄ±s 2023-02 Haziran 2023 tarihleri arasÄ±nda Sanal KampÃ¼s Ã¼zerinden yapÄ±lacaktÄ±r.,"HarikasÄ±n niÅŸantaÅŸÄ± Ã¼niversitesi  ğŸ‘ â¤ï¸ Ã¶ÄŸrencisini maÄŸdur etmeyen tek Ã¼niversitesite, Finaller iÃ§inde aynÄ± Ã¶zveriyi bekliyoruz â¤ï¸",2
Ãœst Ã¼ste 5. kez TÃ¼rkiye Åampiyonu!,,0
"AtatÃ¼rkâ€™Ã¼n Ä±ÅŸÄ±ÄŸÄ±nda, onun gÃ¶sterdiÄŸi hedefte geleceÄŸin zeki, Ã§evik ve ahlaklÄ± sporcularÄ±nÄ± yetiÅŸtirerek ilerliyoruz. 19 MayÄ±s AtatÃ¼rkâ€™Ã¼ Anma GenÃ§lik ve Spor BayramÄ±mÄ±z Kutlu Olsun!",,0
Ã–ÄŸretim Ãœyemiz DoÃ§. Dr. FÃ¼sun Naz AltÄ±nelâ€™in kitabÄ± â€œRomantik DÃ¶nem ve Viyola SonatlarÄ±na MÃ¼zikal ve Teknik BakÄ±ÅŸâ€ yayÄ±mlandÄ±!,,0
Kariyerin iÃ§in yÃ¼ksek dÃ¼ÅŸÃ¼n! ğŸ‘‰2023-2024 GÃ¼z DÃ¶nemi YÃ¼ksek Lisans ve Doktora BaÅŸvurularÄ± BaÅŸladÄ± DetaylÄ± bilgi: https://lee.nisantasi.edu.tr,,0
KÃ¼tÃ¼phanemiz ile ilgili sÄ±kÃ§a sorulan sorularÄ± cevapladÄ±k. ğŸ“š â”,,0
ğŸ“£,"peki neden?, To the end of the semester?, BÄ°R DE SINAVLAR ONLÄ°NE OLURSA KEÅKE",3
SayÄ±sÄ±z birÃ§ok ilki sizinle beraber yaÅŸÄ±yoruz. Hayat boyu yanÄ±mÄ±zda olan ilk Ã¶ÄŸretmenimiz olduÄŸunuz iÃ§in teÅŸekkÃ¼r ederiz. ğŸ’– #SizdenÃ–ÄŸrenecekÃ‡okÅeyVar,,0
"HemÅŸireler HaftasÄ±nÄ±, HemÅŸirelik BÃ¶lÃ¼mÃ¼ Ã¶ÄŸrencilerimiz ile staj yaptÄ±klarÄ± hastanede kutladÄ±k. BÃ¼yÃ¼k bir emek ve fedakarlÄ±kla Ã§alÄ±ÅŸan, insan sevgisini her zaman kalbinde taÅŸÄ±yan tÃ¼m hemÅŸirelerin #HemÅŸirelerHaftasÄ±KutluOlsun ",Bizim Ã¶ÄŸrecilerimiz; bizim geleceÄŸimiz.ğŸ‡¹ğŸ‡·,1
AvantajlÄ± KayÄ±t Yenileme Son FÄ±rsat! ğŸ‘‰Son Tarih: 30 MayÄ±s https://nisantasi.edu.tr/duyuru/erken-kayit-duyurusu-hk-957787,,0
Ãœniversitemiz TÃ¼rkiyeâ€™nin YazÄ±lÄ±m Ä°hracatÄ± Lideri â€œOrion Innovation TÃ¼rkiyeâ€ ile iÅŸ birliÄŸi anlaÅŸmasÄ± imzaladÄ±.,,0
"Erkek Masa Tenisi TakÄ±mÄ±mÄ±zÄ±n Ãœniversiteler ArasÄ± Avrupa ÅampiyonasÄ±nda art arda 3 kez Avrupa Åampiyonu, 4 kez Ã¼st Ã¼ste TÃ¼rkiye Åampiyonu olduÄŸunu biliyor musun? ğŸ™Œ",,0
"Ãœniversitemiz tarafÄ±ndan oluÅŸturulan ve Bilimsel Projeler Koordinasyon Birimi tarafÄ±ndan desteklenerek, Ä°ktisadi Ä°dari ve Sosyal Bilimler FakÃ¼ltesi yÃ¼rÃ¼tÃ¼cÃ¼lÃ¼ÄŸÃ¼nde gerÃ§ekleÅŸtirilen â€˜â€™ GÃ¼Ã§lÃ¼ KadÄ±nlar Yollarda â€˜â€™ projesinin AÃ§Ä±lÄ±ÅŸ ToplantÄ±sÄ±nÄ± gerÃ§ekleÅŸtirdik.",,0
"Ãœniversitemiz tarafÄ±ndan dÃ¼zenlenen, T.C. KÃ¼ltÃ¼r ve Turizm BakanlÄ±ÄŸÄ± Sinema Genel MÃ¼dÃ¼rlÃ¼ÄŸÃ¼ tarafÄ±ndan desteklenen, DoÃ§. Dr. Nagihan Ã‡akarâ€™Ä±n direktÃ¶rlÃ¼ÄŸÃ¼nde gerÃ§ekleÅŸen 2. TAYF UluslararasÄ± KÄ±sa Film Festivaliâ€™mizin galasÄ±nda 4 kategoride 12 Ã¶dÃ¼l sahiplerini buldu.",,0
"Ãœniversitemiz tarafÄ±ndan dÃ¼zenlenen 2. TAYF UluslararasÄ± KÄ±sa Film Festivali, 24-27 Nisan tarihleri arasÄ±nda NeoTech Campusâ€™te gerÃ§ekleÅŸti. 125 Ã¼lkeden toplamda 3221 filmin baÅŸvurduÄŸu festivalin kazanan filmleri Ã¶dÃ¼llerine kavuÅŸtu. +++",,0
"KÃ¼ltÃ¼r BakanlÄ±ÄŸÄ± nÄ±n da desteklediÄŸi TAYF UluslararasÄ± KÄ±sa Film Festivaliâ€™nin direktÃ¶rlÃ¼ÄŸÃ¼nÃ¼ deÄŸerli hocamÄ±z DoÃ§. Dr. Nagihan Ã‡akar Ã¼stlenirken, birÃ§ok deÄŸerli isim Ã¼niversitemizde gerÃ§ekleÅŸeden gala ve Ã¶dÃ¼l gecesine katÄ±ldÄ±.",,0
DeÄŸerli katÄ±lÄ±mlarÄ± ve katkÄ±larÄ±ndan dolayÄ± Ã§ok teÅŸekkÃ¼r ederiz. ğŸ™,,0
AvantajlÄ± KayÄ±t Yenileme Son FÄ±rsat! ğŸ‘‰Son Tarih: 30 MayÄ±s https://nisantasi.edu.tr/duyuru/erken-kayit-duyurusu-hk-957787,,0
Ãœniversitemiz Ä°ktisadi Ä°dari ve Sosyal Bilimler FakÃ¼ltesi tarafÄ±ndan yÃ¼rÃ¼tÃ¼lmekte olan ve Bilimsel Projeler Koordinasyon Birimi tarafÄ±ndan desteklenen +++.,,0
"â€˜GÃ¼Ã§lÃ¼ KadÄ±nlar Yollarda Projesiâ€™ 4 MayÄ±s 2023 PerÅŸembe gÃ¼nÃ¼ okulumuzda, saat 10.00-12.00 saatleri arasÄ±nda Senato OdasÄ±â€™nda gerÃ§ekleÅŸtirilecektir. ",,0
"""KÃ¼Ã§Ã¼k hanÄ±mlar, kÃ¼Ã§Ã¼k beyler... Sizler hepiniz, geleceÄŸin bir gÃ¼lÃ¼, yÄ±ldÄ±zÄ±, bir bahtÄ±nÄ±n aydÄ±nlÄ±ÄŸÄ±sÄ±nÄ±z"" ğŸˆ -Mustafa Kemal AtatÃ¼rk",,0
"Birlik, beraberlik ve huzur dolu nice bayramlarÄ± hep birlikte geÃ§irmek dileÄŸiyle #RamazanBayramÄ±nÄ±zKutluOlsun Ä°yi bayramlar ğŸ¬ğŸŒ¸",,0
"Romanyaâ€™nÄ±n BÃ¼kreÅŸ ÅŸehrinde dÃ¼zenlenen yÄ±llÄ±k Erasmus Generation Meetingâ€™de Ã¼niversitemizi temsil eden ve DÃ¼nyaâ€™da ilk defa tÃ¼m Ã¶dÃ¼l kategorilerinde aday gÃ¶sterilen Ä°stanbul NiÅŸantaÅŸÄ± Ãœniversitesi Erasmus Network ekibi, â€˜Safety Awardsâ€™ kategorisinde Ã¶dÃ¼l almaya hak kazanmÄ±ÅŸtÄ±r. +",,0
Ã–ÄŸrencilerimizi ve ekibimizi tebrik ederiz.,,0
âš ï¸ Duyuru / Announcement,,0
AvantajlÄ± KayÄ±t Yenileme Son FÄ±rsat! ğŸ‘‰Son Tarih: 1 Nisan-30 MayÄ±s,Ä°SG Ã–nlisans UygulamasÄ± Ã‡Ä±kmÄ±ÅŸ Duydunuzmu!!!,1
ğŸ“£,,0
ğŸ“£,Ä°SG Ã–nlisans UygulamasÄ± Ã‡Ä±kmÄ±ÅŸ Duydunuzmu!!!,1
GELECEÄÄ°N ENERJÄ° MERKEZÄ° TÃœRKÄ°YE Ä°stanbul NiÅŸantaÅŸÄ± Ãœniversitesi ev sahipliÄŸinde dÃ¼zenlenecek olan panel 27 Mart 2023 Pazartesi gÃ¼nÃ¼ NeoTech Campusâ€™te gerÃ§ekleÅŸecek. Youtubeâ€™da saat 13.00â€™da canlÄ± yayÄ±n olacaktÄ±r. http://youtube.com/Harici,"Bor u ve Toryumu deÄŸerlendirmeyi baÅŸaralÄ±m da dÃ¼nyaya kabul ettirerek pazarlamasÄ±nda harikaÅŸar yaratalÄ±mda daha sonra Ã§in li ruslu ve daha bilmem hangili ""iÅŸbirliÄŸinden doÄŸabilecek"" enerji merkezi amaÃ§larÄ±mÄ±zÄ±n geleceÄŸini tartÄ±ÅŸalÄ±m bence bu daha iyi bir bakÄ±ÅŸ aÃ§Ä±sÄ±dÄ±r!",1
AvantajlÄ± KayÄ±t Yenileme Son FÄ±rsat!  ğŸ‘‰1 Nisan-30 MayÄ±s https://nisantasi.edu.tr/duyuru/erken-kayit-duyurusu-hk-957787,,0
Ä°stanbul NiÅŸantaÅŸÄ± Ãœniversitesiâ€™nin yeni kitabÄ± yayÄ±mlandÄ±. ğŸ‘‰Kehanet Denklemi,,0
DÃ¼nyaya kattÄ±ÄŸÄ±nÄ±z +1 deÄŸer iÃ§in teÅŸekkÃ¼r ederiz.,,0
18 Mart 1915â€™te bir destan yazan tÃ¼m kahramanlarÄ±mÄ±zÄ± minnet ve rahmetle anÄ±yoruz.,,0
"BaÅŸta Ulu Ã–nderimiz Mustafa Kemal AtatÃ¼rk olmak Ã¼zere Ã‡anakkaleâ€™yi geÃ§ilmez kÄ±lan tÃ¼m ÅŸehitlerimizi ve gazilerimizi saygÄ±yla, minnetle ve rahmetle anÄ±yoruz. 18 Mart Ã‡anakkale Zaferimizin 108. YÄ±lÄ± kutlu olsun! ğŸ‡¹ğŸ‡·",,0
31. Ulusal YÃ¶netim ve Organizasyon Kongresi 21-23 EylÃ¼l 2023 tarihlerinde NeoTech Campusâ€™te! ğŸ‘‰http://yonorg2023.nisantasi.edu.tr,,0
"SaÄŸlÄ±k hizmetlerinin Ã¼lkemizde en Ã¼st seviyeye Ã§Ä±karÄ±lmasÄ±nda baÅŸrol olan Ã¶ÄŸrencilerimiz baÅŸta olmak Ã¼zere tÃ¼m saÄŸlÄ±k personellerinin TÄ±p BayramlarÄ±nÄ± kutlar, nice baÅŸarÄ±lara imza atacaklarÄ± saÄŸlÄ±klÄ± bir yaÅŸam dileriz.",,0
Afet Psikolojik Destek Platformuâ€™ndan destek almak iÃ§in ziyaret et. ğŸ‘‰ http://afetpsikolojikdestek.com,,0
"Ãœniversitemizin MÃ¼hendislik MimarlÄ±k FakÃ¼ltesi ile Ä°ktisadi, Ä°dari ve Sosyal Bilimler FakÃ¼ltesi tarafÄ±ndan gerÃ§ekleÅŸtirilecek olan I. UluslararasÄ± Enerji Kongresi online olarak yapÄ±lacaktÄ±r. ğŸ‘©â€ğŸ’»http://energycon.international",,0
Ãœniversitemiz Ä°nsansÄ±z Hava AracÄ± Yetkili EÄŸitim KuruluÅŸu Oldu! SHGM tarafÄ±ndan Ä°HA 0 ve Ä°HA 1 kategorilerinde yetkili eÄŸitim kuruluÅŸu olarak kabul edildik.,,0
UÃ§ak BakÄ±m ve OnarÄ±m bÃ¶lÃ¼mÃ¼ ve HavacÄ±lÄ±k Elektrik ve ElektroniÄŸi bÃ¶lÃ¼mÃ¼ Ã¶ÄŸrencilerimiz ile TÃ¼rk Hava YollarÄ± Teknik A.Å gezisi gerÃ§ekleÅŸtirdik. Ã–ÄŸrencilerimize teknik iÅŸlemleri yerinde gÃ¶rme fÄ±rsatÄ± saÄŸladÄ±klarÄ± iÃ§in TÃ¼rk Hava YollarÄ± Teknik A.Åâ€™ye teÅŸekkÃ¼r ederiz.,,0
"2023 YKS BAÅVURULARI BAÅLADI! ğŸ‘‰BaÅŸvurular, 8-23 Mart tarihleri arasÄ±nda yapÄ±lacaktÄ±r.",,0
#8MartDunyaEmekciKadinlarGunu,,0
Announcement ğŸ“£,,0
Duyuru ğŸ“£,,0
#yesilayhaftasÄ±,Apply niÅŸantaÅŸÄ± burs programÄ± iptalmi edildi,1
#yanÄ±nÄ±zdayÄ±z #hepbirlikteatlatacaÄŸÄ±z,,0
ğŸ“¢ğŸ“¢ğŸ“¢ Online sÄ±navlar hakkÄ±nda Ã¶nemli duyuru. https://nisantasi.edu.tr/duyuru/online-sinavlar-hakkinda-genel-bilgilendirme-492779 Important announcement about online exams. https://nisantasi.edu.tr/duyuru/general-information-about-the-online-exams-202914?dil=eng,,0
"#deprem Malatyaâ€™nÄ±n YeÅŸilyurt ilÃ§esinde meydana gelen deprem sonrasÄ±nda vefat eden vatandaÅŸlarÄ±mÄ±za Allahâ€™tan rahmet, yaralÄ±larÄ±mÄ±za acil ÅŸifalar diliyoruz.",,0
GÃœZ DÃ–NEMÄ° BÃœTÃœNLEME SINAVLARI HAKKINDA Ã–NEMLÄ° DUYURU! ğŸ“£ğŸ“£ğŸ“£,"TeÅŸekkÃ¼rler. DoÄŸru karar, HayÄ±rlÄ± olsun.., #teÅŸekkÃ¼rlernisantasiedu, TeÅŸekkÃ¼rler, TeÅŸekkÃ¼r ederiz, Sagolasin",6
Important Announcement About The 2022-2023 Spring Semester ğŸ“¢ https://nisantasi.edu.tr/duyuru/about-20222023-academic-year-spring-semester-126701?dil=eng,"#nisantasibuetlerionlineistiyo, #nisantasibÃ¼tlerionlineistiyor, #NisantasiButleriOnlineistiyor, #NisantasiButleriOnlineistiyor, #nisantasibÃ¼tlerionlineistiyor, #nisantasibÃ¼tlerionlineistiyor, #nisantasibÃ¼tlerionlineistiyor, #nisantasibÃ¼tlerionlineistiyor, #nisantasibÃ¼tlerionlineistiyor, #nisantasibÃ¼tlerionlineistiyor, #NisantasiButleriOnlineistiyor, #nisantasibÃ¼tlerionlineistiyor, #nisantasibÃ¼tlerionlineistiyor, #nisantasÄ±buetlerionlineistiyor, #NisantasiButleriOnlineistiyor @, DÃ¼nden beri sesimizi duyurmaya Ã§alÄ±ÅŸÄ±yoruz!! Okulun asla aÃ§Ä±klamasÄ± yok Ã¶ÄŸrenciler maÄŸdur ediliyor lÃ¼tfen sesimizi duyun!! 1 gÃ¼nde Online sÄ±nav kararÄ±ndan vazgeÃ§mek nedir?? Herkes evine dÃ¶ndÃ¼, depremzede arkadaÅŸlarÄ±mÄ±z var. Ek sÄ±nav istemiyoruz!#niÅŸantaÅŸÄ±bÃ¼tlerionlineistiyor, LÃ¼tfen sesimizi duyun! Online olarak yapÄ±lacak olan BÃ¼tÃ¼nleme sÄ±navlarÄ±mÄ±zÄ± bir gÃ¼n kala karar deÄŸiÅŸtirerek yÃ¼zyÃ¼ze yaptÄ±lar. Hocalar Ã¶ÄŸrencilerle dalga geÃ§erek ek sÄ±nava gelirsiniz diyor. Depremzede arkadaÅŸlarÄ±mÄ±z var!  #nisantasibÃ¼tlerionlineistiyor @LeventUysalNEV, YÃ–K Ã¼ arayÄ±p bilgi alÄ±yoruz  Ä±srarla BÃ¼tÃ¼nleme sÄ±navlarÄ±nÄ±n tamamen Ã¼niversitesinin inisiyatifine baÄŸlÄ± olduÄŸunusÄ±nav kararlarÄ±na karÄ±ÅŸamayacaklarÄ±nÄ± belirttiler Ã¶ÄŸrencilerinizin aklÄ±yla dalga geÃ§meyin, herÅŸeyin ne olduÄŸu apaÃ§Ä±k ortada #nisantasibuetlerionlineistiyo",20
BÃ¼tÃ¼nleme SÄ±navlarÄ± ile Ä°lgili Ã–nemli Duyuru ğŸ“¢ https://nisantasi.edu.tr/duyuru/butunleme-sinavlari-ile-ilgili-onemli-duyuru-116706Important Announcement about Make-Up Exams ğŸ“¢ https://nisantasi.edu.tr/duyuru/important-announcement-about-makeup-exams-739151?dil=eng,"Son kararÄ±nÄ±z mÄ±? â€œYÃ¼ksekÃ¶ÄŸretim Kuruluâ€™nun 17 Åubat 2023 tarihli aÃ§Ä±klamalarÄ± Ã§erÃ§evesinde sÄ±navlarÄ±n online yapÄ±lamayacaÄŸÄ±na karar verilmiÅŸtir.â€ yazmÄ±ÅŸsÄ±nÄ±z ama diÄŸer Ã¼niversiteler nasÄ±l online yapÄ±yor? OnlarÄ± mÄ± yÃ¶kâ€™e ÅŸikayet edelim? #nisantasibÃ¼tlerionlineistiyor, Ã–nceki tweet i gelen tepkiler Ã¼zerine silip tekrar atmÄ±ÅŸsÄ±nÄ±z.Yine sÃ¶ylÃ¼yorum yaptÄ±ÄŸÄ±nÄ±z iÅŸ iÅŸ deÄŸil insanlarÄ± maÄŸdur ediyorsunuz, Deprem bÃ¶lgesinde madur olan Ã¶ÄŸrenciler var evlerine giremezken nasÄ±l yÃ¼z yÃ¼ze sinava gelsinler, DiÄŸer Ã–zel Ãœniversiteler BÃ¼tÃ¼nleme SÄ±navlarÄ±nÄ± Online Åekilde Yaparken Ã¶ÄŸrencilerin maÄŸduriyetini dÃ¼ÅŸÃ¼nÃ¼p sÄ±navÄ± yÃ¼zyÃ¼ze ÅŸeklinde Ã§evirmeniz cidden komik. Deprem bÃ¶lgesinde madur olan arkadaÅŸlarÄ±mÄ±z var evlerine giremezken nasÄ±l yÃ¼z yÃ¼ze sÄ±nava gelsinler??, #nisantasÄ±buetlerionlineistiyor, #nisantasibÃ¼tlerionlineistiyor, #nisantasibutlerionlineistiyor, LÃ¼tfen sesimizi duyun! Online olarak yapÄ±lacak olan BÃ¼tÃ¼nleme sÄ±navlarÄ±mÄ±zÄ± bir gÃ¼n kala karar deÄŸiÅŸtirerek yÃ¼zyÃ¼ze yaptÄ±lar. Hocalar Ã¶ÄŸrencilerle dalga geÃ§erek ek sÄ±nava gelirsiniz diyor. Depremzede arkadaÅŸlarÄ±mÄ±z var!  #nisantasibÃ¼tlerionlineistiyor @LeventUysalNEV, AÄŸzÄ±mÄ±za sÄ±Ã§tÄ±nÄ±z gerÃ§ekten yeter artÄ±k, #nisantasibÃ¼tlerionlineistiyor, #nisantasÄ±buetlerionlineistiyor, GerÃ§ekten deÄŸer verilseydi bizlere diÄŸer Ã¼niversiteler gibi dÃ¼ÅŸÃ¼nÃ¼lÃ¼p karar Ã¶yle alÄ±nabilirdi fakat bize deÄŸer verilmediÄŸini Ã§ok aÃ§Ä±k gÃ¶sterdiniz sÄ±nav dÃ¼ÅŸÃ¼nemiyorlar durumda olanlara tekrardan Ã§ok deÄŸerli hissettirdiniz Ã¶ÄŸrenciliÄŸi teÅŸekkÃ¼rler  @NisantasiEdu, #nisantasÄ±onlinebuetuenlemeistiyor, Ã–nceki tweti niye kaldÄ±rdÄ±nÄ±z.Yani bize cevabÄ±nÄ±z bÃ¶yle mi olucaktÄ±, Ä°nsanlarÄ±n maÄŸduriyetliÄŸini dÃ¼ÅŸÃ¼nÃ¼p daha Ã§ok maÄŸdur ettiniz. BÃ¼tlerin yÃ¼zyÃ¼ze deÄŸil online yapÄ±lmasÄ±nÄ± istiyoruz. Acilen geri adÄ±m atÄ±lmalÄ±, #nisantasÄ±buetlerionlineistiyor, #nisantasÄ±onlinebuetuenlemeistiyor @LeventUysalNEV, #nisantasibÃ¼tlerionlineistiyor, #nisantasibuetlerionlineistiyo  SÄ±navlarÄ±n online olmasÄ±nÄ± istiyoruz!...., Online olsun istiyoruz, #nisantasibÃ¼tlerionlineistiyor, BÃ¼tÃ¼nleme sÄ±navlarÄ±nÄ±n online olmasÄ±nÄ± istiyoruz gerÃ§ekten yeter #nisantasÄ±onlinebuetuenlemeistiyor, #nisantasibÃ¼tlerionlineistiyor, #nisantasÄ±bÃ¼tlerionlineistiyor, #nisantasibuetlerionlineistiyo, #nisantasibÃ¼tlerionlineistiyor, #nisantasÄ±bÃ¼tlerionlineistiyor, Karar deÄŸiÅŸmediyse Ã¶nceki gÃ¶nderiyi neden kaldÄ±rdÄ±nÄ±z?, DÃ¼nki gelen tepkilerden sonra bu gÃ¶nderinin silinip yeniden atÄ±lmasÄ± peki yazÄ±l cidden  gram deÄŸer vermiyorsunuz bizlere, #nisantasÄ±bÃ¼tlerionlineistiyoe, Yeter artÄ±k yaramiza tuz basmayÄ±n Istanbul da kalacak yerimiz bile kalmadÄ± maddiyati dÃ¼ÅŸÃ¼nmeyip hareket ederseniz seviniriz. ONLÄ°NE istiyoruz bÃ¼tÃ¼nleme sÄ±navlarÄ± ni, #nisantasibuetlerionlineistiyo, #nisantasibuetlerionlineistiyo @LeventUysalN, DiÄŸer vakÄ±f Ã¼niversitelerin tÃ¼mÃ¼ online yaparken â€œÃ¶ÄŸrencilerin maÄŸduriyetiniâ€ dÃ¼ÅŸÃ¼nÃ¼p sÄ±navÄ± yÃ¼zyÃ¼ze ÅŸeklinde Ã§evirmeniz trajikomik. Karar en kÄ±sa sÃ¼rede deÄŸiÅŸmeli, Ã¶ÄŸrenciler daha fazla maÄŸdur edilmemeli. @LeventUysalNEV @NisantasiEdu @SenayYalcin1 @YuksekogretimK @erolozvar, #nisantasÄ±buetlerionlineistiyor, @NisantasiEdu #nisantasÄ±buetlerionlineistiyor, YÃ–K online karar almÄ±ÅŸ hÃ¢lÃ¢ sÄ±navlarÄ± yÃ¼zyÃ¼ze yapmaya Ã§alÄ±ÅŸÄ±yorsunuz  #nisantasÄ±onlinebuetuenlemeistiyor, YÃ¶k kararÄ±nÄ± bahane ederek Ã¶ÄŸrencilerinizi maÄŸdur etmenin amacÄ± nedir? DiÄŸer Ã¼niversiteler online yapabiliyorken biz neden yapamÄ±yoruz yÃ¶k sadece bize mi engel koyuyor?, Ã–ÄŸrencilerin maÄŸduriyetini ne olcak tweti silip silip tekrardan atÄ±yorsunuz resmen Ã¶ÄŸrencilerle alay ediyorsunuz, Okulumuzdan eÄŸitim yerine ticaret hane olduÄŸunu resmen gÃ¶sterdiÄŸiniz iÃ§in tekrardan teÅŸekkÃ¼rler, DalagamÄ± gecÄ±yosunuz kardeÅŸim bi online olucak  yok bi yÃ¼z yÃ¼ze olucak 1 hafta iÃ§inde kaÃ§ kere karar deÄŸiÅŸtirdiniz insanlar nasÄ±l hareket edeceÄŸini ÅŸaÅŸÄ±rdÄ± 28 ÅŸubat - 4 mart arasÄ± giremeyenler ileri bir tarihte giricek yazÄ±yosunuz ileri tarihte zaten dÃ¶nem baÅŸlayacak..?, Bi Ali KoÃ§ Bi Siz yemin ederim biri transfer yapmaz birisi 1 haftada kaÃ§ tane karar deÄŸiÅŸtirir ÅŸu olaylar bi bitsin inÅŸallah ğŸ¤², LÃ¼tfen sesimizi duyun! Online olarak yapÄ±lacak olan BÃ¼tÃ¼nleme sÄ±navlarÄ±mÄ±zÄ± bir gÃ¼n kala karar deÄŸiÅŸtirerek yÃ¼zyÃ¼ze yaptÄ±lar. Hocalar Ã¶ÄŸrencilerle dalga geÃ§erek ek sÄ±nava gelirsiniz diyor. Depremzede arkadaÅŸlarÄ±mÄ±z var!  #nisantasibÃ¼tlerionlineistiyo, LÃ¼tfen sesimizi duyun! Online olarak yapÄ±lacak olan BÃ¼tÃ¼nleme sÄ±navlarÄ±mÄ±zÄ± bir gÃ¼n kala karar deÄŸiÅŸtirerek yÃ¼zyÃ¼ze yaptÄ±lar. Hocalar Ã¶ÄŸrencilerle dalga geÃ§erek ek sÄ±nava gelirsiniz diyor. Depremzede arkadaÅŸlarÄ±mÄ±z var!  #nisantasibÃ¼tlerionlineistiyor @LeventUysalNEV, LÃ¼tfen sesimizi duyun! Online olarak yapÄ±lacak olan BÃ¼tÃ¼nleme sÄ±navlarÄ±mÄ±zÄ± bir gÃ¼n kala karar deÄŸiÅŸtirerek yÃ¼zyÃ¼ze yaptÄ±lar. Hocalar Ã¶ÄŸrencilerle dalga geÃ§erek ek sÄ±nava gelirsiniz diyor. Depremzede arkadaÅŸlarÄ±mÄ±z var!  #nisantasibÃ¼tlerionlineistiyor, Sizin ben derdinizi sikeyim ya",48
Ã–NEMLÄ° DUYURU ğŸ“¢ https://nisantasi.edu.tr/duyuru/20222023-akademik-yili-bahar-donemi-hakkinda-369384,LÃ¼tfen sesimizi duyun! Online olarak yapÄ±lacak olan BÃ¼tÃ¼nleme sÄ±navlarÄ±mÄ±zÄ± bir gÃ¼n kala karar deÄŸiÅŸtirerek yÃ¼zyÃ¼ze yaptÄ±lar. Hocalar Ã¶ÄŸrencilerle dalga geÃ§erek ek sÄ±nava gelirsiniz diyor. Depremzede arkadaÅŸlarÄ±mÄ±z var!  #nisantasibÃ¼tlerionlineistiyor @LeventUysalNEV,1
"DeÄŸerli Ã¶ÄŸrencilerimiz, KPSS-DGS kurslarÄ±mÄ±z sanal kampÃ¼s Ã¼zerinden devam edecektir. Sanal kampÃ¼s ile derslere eriÅŸebilmek iÃ§in: sanalkampus@nisantasi.edu.tr Adresimize baÅŸvurabilirsiniz.",Mezun durumda olan Ã¶ÄŸrenciler de  kurslara baÅŸ vura biliyorlar mÄ±?,1
"#deprem Hatayâ€™da meydana gelen ve Ã§evre illerde de hissedilen depremde can kaybÄ± olmamasÄ±nÄ± temenni ediyor, tÃ¼m vatandaÅŸlarÄ±mÄ±za geÃ§miÅŸ olsun dileklerimizi iletiyoruz. ",#nisantasibÃ¼tlerionlineistiyor,1
"TOÃ‡EV- TÃ¼vana Okuma Ä°stekli Ã‡ocuk EÄŸitim VakfÄ±, Proje ve EÄŸitim Sorumlusu Bedriye Saka â€œÃœniversitelerde Sosyal Hizmetler, Psikoloji ve PDR gÃ¶nÃ¼llÃ¼ Ã¶ÄŸrencilerinin staj imkanlarÄ±nÄ±n deprem bÃ¶lgelerinde gÃ¶rmesi saÄŸlanmalÄ±dÄ±r. YardÄ±mlarÄ±mÄ±zÄ± sÃ¼rdÃ¼rÃ¼lebilir bir ÅŸekilde saÄŸlamalÄ±yÄ±z.â€",#nisantasÄ±buetlerionlineistiyor,1
Afet SonrasÄ± GÃ¼Ã§ BirliÄŸi Ã‡alÄ±ÅŸtayÄ±â€™na Ä°htiyaÃ§ HaritasÄ± Ã‡alÄ±ÅŸmasÄ± ile baÅŸladÄ±k.,,0
Afet SonrasÄ± GÃ¼Ã§ BirliÄŸi Ã‡alÄ±ÅŸtayÄ± Tema: KadÄ±n ve Ã‡ocuk Afet sonrasÄ± gerÃ§ekleÅŸtirilecek Ã§alÄ±ÅŸmalarda Ã¶ncelik alanlarÄ±nÄ±z neler? sorusunu yanÄ±tlÄ±yoruz.,#nisantasibÃ¼tlerionlineistiyor,1
Duyuru // Announcement ğŸ“£,#nisantasibÃ¼tlerionlineistiyor,1
Ä°stanbul NiÅŸantaÅŸÄ± Ãœniversitesi olarak depremzede vatandaÅŸlara psikolojik destek vermek amacÄ±yla â€œOnline Psikolojik Destek HattÄ±â€ kurduk. Bilgi ve Randevu iÃ§in: âœ‰ï¸ psikolojikdanismanlik@nisantasi.edu.tr ğŸ“ +90 (212) 210 10 10,,0
NiÅŸantaÅŸÄ± EÄŸitim VakfÄ± kurucusu Dr. Levent Uysal 18.00â€™de GÃ¼lbin Tosun ile Fox Ana Haberâ€™de.,,0
Announcement! ğŸ“£,,0
Duyuru! ğŸ“£,"@ProfDrHamzaAl @sakaryauni aynÄ± kararlarÄ± bekliyoruz, KeÅŸke tÃ¼m Ã¼niversiteler sizin gibi dÃ¼ÅŸÃ¼nse BÃ¶yle bi imkan sunduÄŸunuz iÃ§in Ã§ok teÅŸekkÃ¼r ederiz,  kaliteli Ã¼niversitenin hali bir baÅŸka oluyor #uzaktan, BÃ¼tÃ¼nleme ve sÄ±navlar lÃ¼tfen online olsun hibrit eÄŸitim kararÄ±nda gÃ¶sterilen hassasiyetin aynÄ±sÄ±nÄ± bÃ¼tÃ¼nleme ve sÄ±navlarÄ±n online olmasÄ± iÃ§in bekliyoruz lÃ¼tfen bizleri duyun hocam @NisantasiEdu @LeventUysalNEV @erolozvar ",4
Psikoloji BÃ¶lÃ¼mÃ¼ 4. sÄ±nÄ±f Ã¶ÄŸrencimiz Koray KoÃ§ak vefat etmiÅŸtir. Kendisine Allahâ€™tan rahmet ailesine ve yakÄ±nlarÄ±na baÅŸsaÄŸlÄ±ÄŸÄ± dileriz.,MekanÄ± cennet olsunğŸ˜”ğŸ™,1
Ä°stanbul NiÅŸantaÅŸÄ± Ãœniversitesi olarak 10 ilimizde depremden dolayÄ± eÄŸitime devam edemeyecek Ã¼niversite Ã¶ÄŸrencileri iÃ§in kapÄ±larÄ±mÄ±zÄ± aÃ§tÄ±k. Ãœlkemizde depremden etkilenmeyen tÃ¼m Ã¼niversitelerin aynÄ± hassasiyetle yaklaÅŸmasÄ±nÄ± ve eÄŸitime ara vermeden devam etmesini diliyoruz.,"KÄ±ymetli baÅŸkanÄ±m ve Ahmet hocam; Bu Ã§aresizliÄŸimizde sizlerin Ã¶nceliÄŸimize odaklanarak vakit kaybetmeden yaralarÄ±mÄ±zÄ± sarmak iÃ§in baÅŸlattÄ±ÄŸÄ±nÄ±z bu proje tÃ¼m takdirlerin Ã¼stÃ¼nde diÄŸer eÄŸitim kurumlarÄ±na da Ã¶rnek olacak nitelikte. ALLAH sizin gibi bÃ¼yÃ¼klerimizin sayÄ±sÄ±nÄ± artÄ±rsÄ±n., BÃ¼tÃ¼nleme ve sÄ±navlar online olsun lÃ¼tfen hocam biz Ã¶ÄŸrencileri duyun lÃ¼tfen sÄ±navlarda online olsun, Ä°ÅŸte bu yÃ¼zden niÅŸantaÅŸÄ±ğŸ‘ğŸ»ğŸ‘ğŸ»ğŸ‘ğŸ», Ä°yi ki NiÅŸantaÅŸÄ±lÄ±yÄ±mğŸ‘ğŸ», #okullaracilsin #uzaktan, ğŸ™ğŸ»ğŸ™ğŸ»ğŸ™ğŸ»ğŸ‘ğŸ»ğŸ‘ğŸ»ğŸ‘ğŸ», Ä°yi ki NiÅŸantaÅŸÄ± ailesindeyim Ã¶ÄŸrenciliÄŸimden beri tanÄ±dÄ±ÄŸÄ±m ilk andan itibaren ""Ã–NCE Ä°NSAN"" dediÄŸiniz iÃ§in iyi ki.. ğŸ™  @LeventUysalNEV @ahmethoca78, TeÅŸekkÃ¼rler hocam ğŸ‡¹ğŸ‡·, Nihayet makul ve dogru bir ses. Tesekkurler sahidenğŸ™ğŸ‘, SayÄ±n Dr. Levent UYSAL (Ä°stanbul NiÅŸantaÅŸÄ± Ãœniversitesi MÃ¼tevelli Heyet BaÅŸkanÄ±) Ã§ok Ã¶nemli bir hususu dile getirmekte Ã¼lke olarak yaÅŸamkata olduÄŸumuz doÄŸal afette milletinin ve devletinin yanÄ±nda olduÄŸunu  gÃ¶stererek insani bir gÃ¶rev Ã¼stlenmektedir., Hocam Ã§ok iyi dÃ¼ÅŸÃ¼nmÃ¼ÅŸsÃ¼nÃ¼z ama kyk yurtlarÄ± boÅŸaltÄ±ldÄ± ve Ã¶ÄŸrencilerin kalacaÄŸÄ± yer imkanÄ± yok, Ã–rgÃ¼n eÄŸitime devam edilmeli OKULLARIMIZI AÃ‡IN, TÃ¼m Ã¼niversiteler bu ÅŸekilde davransa eÄŸitime ara verilmeden devam edilir. Ä°yi ki varsÄ±n @LeventUysalNEV, @fatmadilmacc, Arkadas sÄ°N mesajlarÄ±ndan bÄ±ktÄ±k devamlÄ± neden mesaj atÄ±yorsunuz insanlarÄ± rahatsÄ±z ediyorsunu neden ben seni akÅŸamÄ±n sarÄ±nsaa mesaj atsam olurmu yapmayÄ±n atmayÄ±n yeter ya, ğŸ™ğŸ»ğŸ™ğŸ»â¤ï¸, Kral ya ğŸ‘‘, Ã‡ocuklar Ã§alÄ±ÅŸÄ±yor Ã§abalÄ±yor bir Ã¼niversite ye gidiyor ve Ã§oÄŸu sistemin Ã‡in de kayboluyor cinsellik para hÄ±rsÄ± genÃ§likte herÅŸeyin Ã¶nÃ¼ne geÃ§miÅŸ durumda cafe ler barlar  birileri zengin oluyor Ã¼lke deÄŸerleri ni insanlarÄ±nÄ± kaybediyor, Hocam yÃ¼z yÃ¼ze eÄŸitimi gÃ¶receÄŸiz?, TeÅŸekkÃ¼rler hocam ğŸ˜Š, Tebrikler sayÄ±n hocam ve Ã§ok teÅŸekkÃ¼rler., online eÄŸitim istiyoruz akrabalarÄ±mÄ±z vefat etti yurtlar depremzedelere aÃ§Ä±ldÄ± kalacak yerimiz yok anlamÄ±yor musunuz, Uzaktan eÄŸitimden ziyade afet bÃ¶lgelerinde yaÅŸayan veya afetten etkilenen Ã¶ÄŸrencilere koÅŸulsuz yatay geÃ§iÅŸ hakkÄ± tanÄ±nmalÄ±. Ã–rgÃ¼n eÄŸitimden taviz verilmemeli., Yy, @YuksekogretimK @erolozvar, #YurtlarÃ‡Ã¶zÃ¼mDeÄŸil tagÄ±na destek olarak yurttan Ã§Ä±kartÄ±lmak istenen kiÅŸilere destek olabilirsiniz. Deprem bÃ¶lgesindeki kiÅŸiler gelip eÅŸyalarÄ±nÄ± alamÄ±yor. Otellere yerleÅŸtirseler depremzedeler iÃ§in daha iyi olur hem daha konforlu, @cuneytozdemir, isteyen aÃ§abiliyormu tam anlamadÄ±k, ğŸ‡¹ğŸ‡·, NiÅŸantaÅŸÄ± Ãœniversitesi duyarlÄ±lÄ±ÄŸÄ±nÄ± @LeventUysalNEV hocam nezdinde gÃ¶stermiÅŸ.Ä°yiki varsÄ±nÄ±z @LeventUysalNEV, ğŸ‡¹ğŸ‡·ğŸ‡¹ğŸ‡·ğŸ‡¹ğŸ‡·, Ä°htiyacÄ±n boyutlarÄ± geniÅŸ olmakla birlikte; Bu durum yurtlarÄ± kullanmak iÃ§in eÄŸitime uzaktan devam gibi amaca uygun olmayan Ã§Ã¶zÃ¼mden daha iyi., 11 Ã¼niversite hangileri hocam?, #uzaktan, Ä°yi ki NiÅŸantaÅŸÄ±lÄ±yÄ±m ğŸ‘ğŸ‘, Ã§ok saÃ§ma, Evet Ã§ok haklÄ±sÄ±nÄ±z eÄŸitim durmamalÄ± ama lÃ¼tfen eÄŸitilen insanlara bir bakÄ±n dÃ¼ÅŸÃ¼ncelerini fikirleri ni geÃ§tim kendi bilecekleri bir http://iÅŸtir.biz eÄŸitim sistemi ni deÄŸiÅŸtirmeli insan yetiÅŸtirmeliyiz, YaptÄ±ÄŸÄ±nÄ±z ÅŸeyi Sivil itaatsizlik olarak yorumluyor, tamamen siyasi olduÄŸunu dÃ¼ÅŸÃ¼nÃ¼yorum. Depremden etkilenen Ã¶ÄŸrenci sayÄ±sÄ± hakkÄ±nda zerre fikriniz olmadan her zaman ki gibi sadece elitlere yÃ¶nelik bir propaganda Ã§alÄ±ÅŸmasÄ±. KaÃ§ fakÃ¼ltenize kaÃ§ Ã¶ÄŸrenci yerleÅŸtireceksiniz ki?, Yer imkanÄ± olmayan misafir edilebilir dÃ¶nem sonuna kadar yardÄ±mlaÅŸma hani diyorduk evimizin 1 odasÄ±nÄ± paylaÅŸabiliriz Ã¼niversite yakÄ±n olan semtler ilÃ§eler teyit aile okulda #BarÄ±nma #Ãœniversite #Ä°stanbul diÄŸer illerde olabilir naÃ§izane fikir Ã¶neri #destek #yardÄ±mlaÅŸma #TÃ¼rkiye",41
Diyaliz BÃ¶lÃ¼mÃ¼ mezunumuz YÄ±ldÄ±z Ã‡aÄŸanâ€™Ä± kaybetmenin derin Ã¼zÃ¼ntÃ¼sÃ¼ iÃ§erisindeyiz. Ã–ÄŸrencimize Allahâ€™tan rahmet; baÅŸta kederli ailesi olmak Ã¼zere tÃ¼m sevenlerine baÅŸsaÄŸlÄ±ÄŸÄ± dileriz.,ğŸ’”ğŸ’”ğŸ’”,1
MimarlÄ±k BÃ¶lÃ¼mÃ¼ mezunumuz Burak Malkarâ€™Ä± kaybetmenin derin Ã¼zÃ¼ntÃ¼sÃ¼ iÃ§erisindeyiz. Ã–ÄŸrencimize Allahâ€™tan rahmet; baÅŸta kederli ailesi olmak Ã¼zere tÃ¼m sevenlerine baÅŸsaÄŸlÄ±ÄŸÄ± dileriz.,,0
"Relying on the postponement of educational facilities by the Council of Higher Education ( YÃ–K), 2022-2023 Academic Year Fall Semestre Resit, English Proficiency and TOMER exams will be carried out at a later date.",,0
"2022-2023 akademik yÄ±lÄ± gÃ¼z dÃ¶nemi BÃ¼tÃ¼nleme, Ä°ngilizce HazÄ±rlÄ±k ve TÃ–MER sÄ±navlarÄ± ileri bir tarihte yapÄ±lacaktÄ±r.",,0
"Sizlerin desteÄŸiyle hazÄ±rlanan yardÄ±m kolileri, Ã¼niversitemiz SaÄŸlÄ±k BÃ¶lÃ¼mÃ¼ Ã¶ÄŸrencileri ve akademisyenleri, afet bÃ¶lgelerine ulaÅŸmak iÃ§in yola Ã§Ä±ktÄ±. #afad #yanÄ±nÄ±zdayÄ±z","ğŸ‘ğŸ½, â¤ï¸",2
#AFAD #antakyahatay #hatayyardimbekliyor #AFADhatay #deprem,,0
YaralarÄ±mÄ±zÄ± hep birlikte sarÄ±yoruz! TÃ¼m gÃ¼n boyunca yardÄ±mlarÄ±nÄ±zÄ± bekliyoruz. ğŸ‘‰Maslak AÄŸaoÄŸlu 1453 sitesi Ä°stanbul NiÅŸantaÅŸÄ± Ãœniversitesi G3 OtoparkÄ±na getirebilirsiniz. ğŸ‘‰05342345610 numarasÄ±ndan ulaÅŸabilirsiniz.,,0
Bebek MamasÄ± Bebek Bezi Elektrik Malzemesi Piknik TÃ¼pÃ¼ IÅŸÄ±ldak Powerbank Åarj Aleti Uzatma Kablosu Soba KÃ¼Ã§Ã¼k JeneratÃ¶r,,0
#acildeprem #AFAD #seferberlik #yardÄ±mkampanyasÄ±,,0
#AFAD #AFADhatay #deprem #hatayyardimbekliyor #HelpTurkey,"@AFADBaskanlik @DepremDairesi @AFADTurkiye @ahbap #deprem, #hatayyardimbekliyor #hataydeprem #hataydepremi #HatayÄ±KaderineTerkEtme #halukleventacil #acildeprem #sondakikadeprem",2
#AFADhatay #deprem #seferberlik #hatayyardimbekliyor,"@AFADBaskanlik @AFADHatay @BabalaTv @OguzhanUgur @haluklevent, @AFADBaskanlik @AFADBaskanlik @AFADBaskanlik @AFADBaskanlik @AFADBaskanlik",2
#deprem #afaddeprem #ADIYAMAN #AdÄ±yamanYardÄ±mBekliyor #adiyamandeprem #seferberlik,,0
We need your support in order to overcome the hard days and help the casualty recover soon. #PrayForTurkey,,0
"Bu acÄ± gÃ¼nleri atlatabilmek, yaralarÄ± sarabilmek iÃ§in desteklerinizi bekliyoruz. #gecmisolsunturkiye",,0
NiÅŸantaÅŸÄ± EÄŸitim VakfÄ± olarak depremzede vatandaÅŸlarÄ±mÄ±zÄ±n yanÄ±ndayÄ±z. YaralarÄ± birlikte saracaÄŸÄ±z. #gecmisolsunturkiye #yaralarÄ±saracagÄ±z,,0
#afadkahramanmaraÅŸ #AFAD,Cevir,1
"KahramanmaraÅŸ ve Ã§evre illerde meydana gelen depremde hayatÄ±nÄ± kaybeden vatandaÅŸlarÄ±mÄ±za Allahâ€™tan rahmet, yaralÄ± vatandaÅŸlarÄ±mÄ±za acil ÅŸifalar dileriz. #Deprem sonrasÄ± dikkat edilmesi gereken kritik noktalar âš ï¸ #gecmisolsunturkiye #AFAD",,0
"DeÄŸerli Ã¶ÄŸrencilerimiz, BÃ¼tÃ¼nleme, Ä°ngilizce HazÄ±rlÄ±k ve TÃ–MER SÄ±navlarÄ±nÄ±n 20-24 Åubat 2023 tarihleri arasÄ±nda yapÄ±lmasÄ±na karar verilmiÅŸtir.âš ï¸",,0
"Kanserle mÃ¼cadelede her birimiz fark yaratabilir, toplumlarda kansere iliÅŸkin farkÄ±ndalÄ±ÄŸÄ±n artmasÄ±na katkÄ± saÄŸlayabiliriz. 4 Åubat DÃ¼nya Kanser GÃ¼nÃ¼ nde herkesi â€œkansersiz bir dÃ¼nyaâ€ iÃ§in mÃ¼cadele etmeye davet ediyoruz. #4subatdÃ¼nyakansergÃ¼nÃ¼",,0
GÃ¼z dÃ¶neminde Neotech Campusâ€™te yÃ¼zlerce etkinlik gerÃ§ekleÅŸtirdik. Birbirinden deÄŸerli konuklarÄ±mÄ±zÄ± aÄŸÄ±rladÄ±k! Bahar dÃ¶neminde birbirinden farklÄ± ve eÄŸitici etkinlikler iÃ§in hazÄ±r mÄ±sÄ±n? ğŸ‘€ #NeoTechCampus #activity,,0
"""GELECEÄÄ°N ENERJÄ° MERKEZÄ° TÃœRKÄ°YE"" paneli Harici Medya tarafÄ±ndan NiÅŸantaÅŸÄ± Ãœniversitesi @NisantasiEdu ev sahipliÄŸinde, 8 Åubat 2023 Ã‡arÅŸamba gÃ¼nÃ¼ NeoTech KampÃ¼sÃ¼ nde dÃ¼zenlenecek. YouTube kanalÄ±mÄ±zda saat 16.00 da canlÄ± yayÄ±nlanacak. @Karin_Kneissl @SenayYalcin1 @BartuSoral",,0
"T.C KÃ¼ltÃ¼r ve Turizm BakanlÄ±ÄŸÄ± Sinema Genel MÃ¼dÃ¼rlÃ¼ÄŸÃ¼nÃ¼n katkÄ±larÄ±yla, Ä°stanbul NiÅŸantaÅŸÄ± Ãœniversitesi tarafÄ±ndan 6-9 Mart 2023 tarihleri arasÄ±nda gerÃ§ekleÅŸtirilecek olan TAYF UluslararasÄ± KÄ±sa Film Festivaliâ€™nin finalistleri aÃ§Ä±klandÄ±. +++",,0
ğŸ‘‰TAYF UluslararasÄ± KÄ±sa Film Festivali iÃ§in son 34 gÃ¼n! ğŸ¬,,0
#tayfuluslararasÄ±kÄ±safilmfestivali,,0
SÄ±nav not itirazlarÄ± ile ilgili sÄ±kÃ§a sorduÄŸunuz sorularÄ± cevapladÄ±k ğŸ“ â”,,0
This is how fall term passed. We will miss these voices so much. â¤ï¸ #happyholiday,,0
A day with fashion desing department. ğŸª¡ğŸ§µğŸ“¸ #nisantasiuniversity #fashiondepartment,,0
2022 yÄ±lÄ± Ã¼creti ile kayÄ±t yenilemek iÃ§in son 7 gÃ¼n! ğŸ‘‰Detaylar iÃ§in http://nisantasi.edu.trâ€™yi ziyaret et.,,0
"Ä°stanbul NiÅŸantaÅŸÄ± Ãœniversitesi Acunmedya Akademi 2021 - 2022 5. DÃ¶nem mezunlarÄ±nÄ± verdi! Acun IlÄ±calÄ±â€™nÄ±n katÄ±lÄ±mlarÄ±yla gerÃ§ekleÅŸen mezuniyet tÃ¶reni, Dijital, Televizyon ve Gastronomi bÃ¶lÃ¼mÃ¼nden 450 tam donanÄ±mlÄ± profesyonelini sektÃ¶re kazandÄ±rdÄ±. +++",,0
TÃ¼m Ã¶ÄŸrencilerimize meslek hayatlarÄ±nda baÅŸarÄ±lar dileriz. #istanbulnisantasiuniversity #acunmedyaakademi #mezuniyettÃ¶reni #graduationceremony,,0
Erken kayÄ±t Ã¶demelerinde vade farksÄ±z taksit seÃ§enekleri! ğŸ‘‡ DetaylÄ± bilgi iÃ§in http://nisantasi.edu.trâ€™yi ziyaret et.,,0
2022-2023 Ders YÄ±lÄ± Ara Tatili Lise Ã–ÄŸrencilerine YÃ¶nelik KÄ±ÅŸ Akademisi ğŸ“– ğŸ‘‰DetaylÄ± bilgi iÃ§in http://neovationcenter.comâ€™u ziyaret et,,0
"DeÄŸerli Ã¶ÄŸrencilerimiz, sÄ±nav dÃ¶nemi nedeniyle Ã§alÄ±ÅŸma saatlerimiz gÃ¼ncellenmiÅŸtir. âš ï¸",,0
SaÄŸlÄ±k KÃ¼ltÃ¼r ve Spor Daire BaÅŸkanlÄ±ÄŸÄ±nÄ±n dÃ¼zenlemiÅŸ olduÄŸu NÄ°SHCUP 22 6v6 Voleybol TurnuvasÄ±na katÄ±lan 20 takÄ±m arasÄ±nda Kar FÄ±rtÄ±nasÄ± ÅŸampiyon olmuÅŸtur. BeÅŸ gÃ¼n sÃ¼ren mÃ¼sabakalar sonucunda bugÃ¼n yapÄ±lan final karÅŸÄ±laÅŸmasÄ± Kar FÄ±rtÄ±nasÄ± ve  Avengers arasÄ±nda gerÃ§ekleÅŸmiÅŸtir.,,0
Turnuvaya katÄ±lan tÃ¼m Ã¶ÄŸrencilerimize ve takÄ±mlara teÅŸekkÃ¼r ederiz.,,0
11 Ocak Ã‡arÅŸamba gÃ¼nÃ¼ saat 19.05â€™te Ã‡etin Ãœnsalanâ€™Ä±n hazÄ±rlayÄ±p sunduÄŸu Ä°ÅŸte Bunu KonuÅŸalÄ±m programÄ±nda TAYF UluslararasÄ± KÄ±sa Film Festivali DirektÃ¶rÃ¼ ve Ä°stanbul NiÅŸantaÅŸÄ± Ãœniversitesi Sanat ve TasarÄ±m FakÃ¼ltesi Dekan YardÄ±mcÄ±sÄ± DoÃ§. Dr. Nagihan Ã‡akar ile +++,,0
"genÃ§ sinemacÄ±larÄ± keÅŸfetmek amacÄ±yla dÃ¼zenlenen kÄ±sa film yarÄ±ÅŸmasÄ±nÄ±, festivali, sektÃ¶rÃ¼n durumunu, Ã¼lke marka deÄŸerine katacaÄŸÄ± deÄŸeri, eÄŸitim ve saha durumunu ele alÄ±yoruz. @cetinunsalan @endustriradyo",,0
%80â€™e varan burs imkanlarÄ± ile yatay geÃ§iÅŸ baÅŸvurularÄ± baÅŸladÄ±. ğŸ‘‰DetaylÄ± bilgiye http://nisantasi.edu.tr Ã¼zerinden ulaÅŸabilirsin.,,0
KaranlÄ±ÄŸa beyaz baston ile meydan oku! #BeyazBastonGÃ¶rmeEngellilerHaftasÄ±,,0
TÃ¼rkiyeâ€™de devlet ve vakÄ±f olmak Ã¼zere tÃ¼m Ã¼niversiteler arasÄ±nda yatay geÃ§iÅŸte 2 yÄ±ldÄ±r Ã¼st Ã¼ste en Ã§ok tercih edilen Ã¼niversiteyiz. ğŸ‘‰Yatay geÃ§iÅŸ ile ilgili detaylÄ± bilgi almak iÃ§in http://nisantasi.edu.tr â€˜ yi ziyaret et! #nisantasiuniversity #biliyormusun #yataygecis,,0
NeoTech CampÃ¼sâ€™te bugÃ¼n Mutlusan Electric Genel MÃ¼dÃ¼r Ä°cra Kurulu BaÅŸkanÄ± Hakan Ã–ztÃ¼rkâ€™Ã¼ aÄŸÄ±rladÄ±k. DeÄŸerli kariyer konuÅŸmasÄ± iÃ§in kendisine Ã§ok teÅŸekkÃ¼r ederiz.,,0
Welcome to #NeoTechCampus âš¡ï¸ Don t you think it s the best?,,0
"May the new year bring you peace, joy and happiness! ğŸ„ âœ¨ #2023",,0
"Ã–ÄŸrenci DekanlÄ±ÄŸÄ± Erasmus Plus KulÃ¼bÃ¼ ve GenÃ§ MÃœSÄ°AD iÅŸ birliÄŸiyle gerÃ§ekleÅŸtirileÅŸtirdiÄŸimiz, GloballeÅŸen Markalar ve Avrupa FÄ±rsatlarÄ± Zirvesiâ€™nde NeoTech Campusâ€™te birbirinden deÄŸerli konuklarÄ±mÄ±zÄ± aÄŸÄ±rladÄ±k. ++",,0
DeÄŸerli konuÅŸmacÄ±lara ve emeÄŸi geÃ§en Ã¶ÄŸrencilerimize teÅŸekkÃ¼r ederiz. #erasmusplus #gencmusiad #globalleÅŸenmarkalarveavrupafÄ±rsatlarÄ±zirvesi,,0
A day in paramedic class. ğŸ’‰ Which class will we visit the next ? ğŸ‘€ #nisantasiuniversity #paramedic,,0
YARINA HAZIR MIYIZ? ğŸ‘€,,0
"ğŸ“Œ #AvrupanÄ±nZirvesi BaÅŸvurularÄ± BaÅŸladÄ±! NiÅŸantaÅŸÄ± Ãœniversitesi Erasmus Plus KulÃ¼bÃ¼ ve GenÃ§ MÃœSÄ°AD iÅŸ birliÄŸiyle gerÃ§ekleÅŸtirilecek, GloballeÅŸen Markalar ve Avrupa FÄ±rsatlarÄ± Zirvesi 29 AralÄ±kâ€™ta Neotech KampÃ¼sâ€™te ğŸ“£ +++",,0
"Ä°ki ayrÄ± oturum ve interaktif atÃ¶lye Ã§alÄ±ÅŸmalarÄ±yla gerÃ§ekleÅŸecek olan zirvede katÄ±lÄ±mcÄ±larÄ±mÄ±z;ğŸ“Avrupa FÄ±rsatlarÄ±nÄ± Ã¶ÄŸrenecek, ğŸ‡ªğŸ‡º ğŸ“Global MarkalarÄ±n yetkin temsilcilerinin tecrÃ¼belerinden yararlanacak, ğŸŒ",,0
"ğŸ“Staj fÄ±rsatÄ± elde edebilecek, ğŸ–ï¸ ğŸ“Ä°nteraktif AtÃ¶lyeler ile alanÄ±nda uzman eÄŸitmenlerden sertifikalÄ± eÄŸitimler alma ÅŸansÄ± elde edecekler. ğŸ§¾ ğŸ“Œ BaÅŸvuru formuna @nisantasierasmusplus hesabÄ±ndan ulaÅŸabilirsiniz.",,0
"ğŸ“Œ #AvrupanÄ±nZirvesi BaÅŸvurularÄ± BaÅŸladÄ±! NiÅŸantaÅŸÄ± Ãœniversitesi Erasmus Plus KulÃ¼bÃ¼ ve GenÃ§ MÃœSÄ°AD iÅŸ birliÄŸiyle gerÃ§ekleÅŸtirilecek, GloballeÅŸen Markalar ve Avrupa FÄ±rsatlarÄ± Zirvesi 29 AralÄ±kâ€™ta Neotech KampÃ¼sâ€™te ğŸ“£ +++",,0
"Ä°ki ayrÄ± oturum ve interaktif atÃ¶lye Ã§alÄ±ÅŸmalarÄ±yla gerÃ§ekleÅŸecek olan zirvede katÄ±lÄ±mcÄ±larÄ±mÄ±z;ğŸ“Avrupa FÄ±rsatlarÄ±nÄ± Ã¶ÄŸrenecek, ğŸ‡ªğŸ‡º ğŸ“Global MarkalarÄ±n yetkin temsilcilerinin tecrÃ¼belerinden yararlanacak, ğŸŒ",,0
"ğŸ“Staj fÄ±rsatÄ± elde edebilecek, ğŸ–ï¸ ğŸ“Ä°nteraktif AtÃ¶lyeler ile alanÄ±nda uzman eÄŸitmenlerden sertifikalÄ± eÄŸitimler alma ÅŸansÄ± elde edecekler. ğŸ§¾ ğŸ“Œ BaÅŸvuru formuna @nisantasierasmusplus hesabÄ±ndan ulaÅŸabilirsiniz.",,0
"50 SanatÃ§Ä±nÄ±n 70 NFT eserinin sergilendiÄŸi zirvede,  birbirinden deÄŸerli konuklarla Dijital Gelecek Zirvesi ve NFT Sergisi sunumu gerÃ§ekleÅŸtirdik. #nftzirvesi #nisantasiedu #nft #dijitalgelecekzirvesi",,0
2022 YÄ±lÄ± Ãœcreti Ä°le KayÄ±t Yenileme DÃ¶nemi BaÅŸladÄ±! ğŸ‘‰Son tarih 30 Ocak ğŸ‘‰DetaylÄ± bilgiye http://nisantasi.edu.tr Ã¼zerinden ulaÅŸabilirsin. #nisantasiuniversity #kayÄ±tyenilemedÃ¶nemibasladÄ±,,0
Kariyerin iÃ§in yÃ¼ksek dÃ¼ÅŸÃ¼n! 2022-2023 Bahar DÃ¶nemi YÃ¼ksek Lisans ve Doktora BaÅŸvurularÄ± BaÅŸladÄ±. ğŸ‘‰DetaylÄ± bilgiye http://nisantasi.edu.tr Ã¼zerinden ulaÅŸabilirsin. #nisantasiuniversity #kariyeriniÃ§inyÃ¼ksekdÃ¼ÅŸÃ¼n #yÃ¼kseklisans #doktora,,0
"NFT Zirvesi Panelâ€™i DoÃ§. Dr. Nagihan Ã‡akarâ€™Ä±n moderatÃ¶rlÃ¼ÄŸÃ¼nde, Ã–zden Pelister, Mahmut Erdal, Elshad Yusufli, Dr. Gizem TatlÄ±cÄ±, Nuri SayraÃ§ ve Av. Onur Åahinâ€™in katÄ±lÄ±mlarÄ±yla gerÃ§ekleÅŸiyor. #Sanat #Gelecek #NFT #Metaverse #FÃ¼tÃ¼rizm #Resim #NiÅŸantaÅŸÄ±Ãœniversitesi #Carny",,0
"MinyatÃ¼r SanatÃ§Ä±sÄ± Taner AlakuÅŸ, â€œFuture Renaissance Collectionâ€ta konuÅŸuyor; â€œBenim bÃ¼tÃ¼n hÃ¼crelerimde minyatÃ¼r tekniÄŸi var. YaÅŸamda da. Teknolojide de! Dia gÃ¶sterisi olduÄŸu zaman, ""Sen rumileri, sen bulutlarÄ± Ã§iz."" derdik. Sonra bu parÃ§alarÄ± birleÅŸtirdikâ€¦â€",,0
"Her sektÃ¶rÃ¼ kÃ¶kÃ¼nden etkileyecek, iÅŸ yapÄ±ÅŸ yÃ¶ntemlerimizi tamamen farklÄ±laÅŸtÄ±racak ve makinalarla aramÄ±zdaki iletiÅŸim ve uygulama kÃ¶prÃ¼lerini â€œbizim istediÄŸimiz kadarâ€ gÃ¼venli hale getirecek bu teknolojileri birlikte oluÅŸturacaÄŸÄ±z. Ne zaman mÄ±? Siz hazÄ±r olduÄŸunuzda!",,0
"Teknoloji tasarÄ±mcÄ±sÄ± Devrim Danyal: â€œEskilerin gÃ¼zel bir lafÄ± vardÄ±r; â€œYa bu deveyi gÃ¼deceÄŸiz ya bu diyardan gideceÄŸizâ€. HiÃ§birimizin bir yere gitmemesi iÃ§in tÃ¼m Ã§abamÄ±z, bÃ¼tÃ¼n bu anlatma isteÄŸimizâ€¦ Ä°nanÄ±n ve geÃ§miÅŸte bildiklerinizi bir kenara bÄ±rakÄ±n hatta unutun.â€ #NFTZ",,0
"Maji Art Galeri Sahibi Gaye Donay: Onlarca yÄ±ldÄ±r gezegenimizi suistimal eden bÃ¼yÃ¼k oyuncular var. Neden â€œkÃ¼Ã§Ã¼k adamlarâ€ kendilerine bir yer edindiÄŸinde herkes bunun etik yÃ¶nÃ¼nÃ¼ tartÄ±ÅŸÄ±yor? Sanat deÄŸiÅŸiyor. Her ÅŸey daha yaygÄ±n, daha demokrat olacak. #NFT",,0
"Onedio Kurucu OrtaÄŸÄ± Kaan KayabalÄ±; â€œGiriÅŸimcilerin TÃ¼rkiye nin ekonomik ve sosyal politikalarÄ±, tÃ¼m dÃ¼nyadaki sosyal medyada veri gÃ¼venliÄŸi regÃ¼lasyonlarÄ± ve yapay zekÃ¢ teknolojisindeki geliÅŸmelere dikkat etmesi gerekir.â€ #Sanat #Gelecek #NFT #Metaverse #FÃ¼tÃ¼rizm #Resim",,0
"Elif DaÄŸdeviren: â€œÃ–yle ki; NFT Ã¼reticilerini, koleksiyonerleri, meraklÄ±larÄ±nÄ± ve iÅŸ ortaklarÄ±nÄ± sadece online mecralarda deÄŸil fiziksel Ã§eÅŸitli deneyimlerle hibrid olarak da bir araya getirecek bir topluluk oluÅŸturmak esas.â€ #Sanat #Gelecek #NFT #Metaverse #FÃ¼tÃ¼rizm #Resim",,0
"Elif DaÄŸdeviren konuÅŸuyor: â€œNFT Ã¼reticileri, markalar ve tÃ¼m bunlarÄ±n meraklÄ±larÄ± iÃ§in etkileÅŸimli ve gÃ¼venli bir altyapÄ± saÄŸlamasÄ±nÄ±n yanÄ± sÄ±ra sadece danÄ±ÅŸman kÃ¼ratÃ¶rlerin onayÄ±ndan geÃ§miÅŸ ve doÄŸrulanmÄ±ÅŸ NFT yaratÄ±cÄ±larÄ±nÄ±n Ã¶zel dijital varlÄ±klarÄ±nÄ± yayÄ±nlamak asÄ±l doÄŸrudurâ€",,0
"Sanat YÃ¶netmenliÄŸi, dergi ve gazete yayÄ±n yÃ¶netmenliÄŸi gibi gÃ¶revler Ã¼stlenen Elif DaÄŸdeviren; â€œSanata, yaratÄ±cÄ±lÄ±ÄŸa, hikayelere, hayallere deÄŸer veren, merkeziyetsiz ve ÅŸeffaf bir gelecek yaratmak asÄ±l deÄŸerdir.â€ @NisantasiKS #Metaverse #FÃ¼tÃ¼rizm #NiÅŸantaÅŸÄ±Ãœniversitesi #Carey",,0
"â€œFiziksel yolculuÄŸun bir tamamlayÄ±cÄ±sÄ± mÄ±? Fiziksel yolculuk mu sanal olanÄ±n tamamlayÄ±cÄ±sÄ±? Ä°kisi birbirine girdi. Sanal misafirperverlik denilen Metaverseâ€™de lezzet, spor, eÄŸlence sunulabilir. Metaverse daha Ã¶tesi bir yaÅŸam biÃ§imi. @ugurbati #Sanat #Gelecek #NFT #Metaverse",,0
"Akademisyen, yazar ve kÃ¼ratÃ¶r Prof. Dr. UÄŸur BatÄ± konuÅŸmasÄ±nÄ± yapÄ±yor: â€œEnlem ve boylam olmadan Metaverse de yaÅŸamak, sanatÄ± kucaklamak, deneyim haline getirmek. Saat dilimleri yoktur. Sadece hayal gÃ¼cÃ¼mÃ¼z var. Metaverse dediÄŸimiz yeni bir yaÅŸam tarzÄ±nÄ±n kodlarÄ± var.â€ @ugurbati",,0
"Dr. Levent Uysal, NiÅŸantaÅŸÄ± Ãœniversitesi nin gelecek ve teknoloji konusundaki Ã¼stÃ¼nlÃ¼ÄŸÃ¼nÃ¼ anlatÄ±rken gelecek konusundaki Ã§alÄ±ÅŸmalarÄ±n temelinde Ã¼retim, teknoloji ve mÃ¼hendisliÄŸin yanÄ±nda sanatÄ±n da olduÄŸunu sÃ¶yledi. @NisantasiKS #Sanat #Gelecek #NFT #Metaverse #FÃ¼tÃ¼rizm #Resim",,0
"NiÅŸantaÅŸÄ± Ãœniversitesi Sanat ve TasarÄ±m FakÃ¼ltesi Ã–ÄŸretim Ãœyesi DoÃ§.Dr. Nagihan Ã‡akar, â€œFuture Renaissance Collectionâ€ Dijital Gelecek Zirvesi ve NFT Sergisi aÃ§Ä±lÄ±ÅŸ sunumlarÄ±nda sanatÄ±n geleceÄŸi kurmadaki fonksiyonunu anlatÄ±yor. @NisantasiKS #Sanat #Gelecek #NFT #Metaverse",,0
50 SanatÃ§Ä± 70 Eserâ€¦ Ve eÅŸsiz bir gelecek zirvesi. NiÅŸantaÅŸÄ± Ãœniversitesi ana sponsorluÄŸunda Carny. io iÃ§erik sponsorluÄŸunda gerÃ§ekleÅŸen â€œFuture Renaissance Collectionâ€ Dijital Gelecek Zirvesi ve NFT Sergisinde harika NFT eserler sergilenmeye baÅŸladÄ±. @NisantasiKS #NFT,,0
GeleceÄŸin dÃ¼nyasÄ±nÄ± ele alÄ±yoruz! 16 AralÄ±k Cuma gÃ¼nÃ¼ aÃ§Ä±lÄ±ÅŸ konuÅŸmasÄ±nÄ± gerÃ§ekleÅŸtireceÄŸim Dijital Gelecek Zirvesiâ€™ni dÃ¼zenleyecek ve #NFT sanatÃ§Ä±larÄ±nÄ±n eserlerini Future Renaissance Collection sergisiyle sanatseverlerin beÄŸenisine sunacaÄŸÄ±z. #Metaverse @NisantasiEdu,"ğŸ‘‹ğŸ»ğŸ‘‹ğŸ»,KonuklarÄ±n hepsi takip ettiÄŸim kiÅŸiler, NFT ler her zaman dikkatimi Ã§ekiyordu gÃ¼zel oldu, Bende bu konu Ã¼zerine araÅŸtÄ±rmalar yapÄ±yordum gÃ¼zel denk geldi ., Daha yeni okumaya baÅŸladÄ±m ğŸ¤ŒğŸ», Merakla bekliyoruz hocam ğŸ™ŒğŸ»",7
"99 yÄ±l Ã¶nce bugÃ¼n, sonsuza dek yaÅŸayacak TÃ¼rkiye Cumhuriyeti kuruldu. 29 Ekim Cumhuriyet BayramÄ±mÄ±z kutlu olsun! ğŸ‡¹ğŸ‡· #hepizindeyiz",,0
"Cumhuriyetimizin 99. kuruluÅŸ yÄ±l dÃ¶nÃ¼mÃ¼nde baÅŸta Gazi Mustafa Kemal AtatÃ¼rk olmak Ã¼zere bu bayrak uÄŸrana mÃ¼cadele eden gazilerimizi yad ediyor, canÄ±nÄ± feda eden ÅŸehitlerimizi rahmetle anÄ±yor, 29 Ekim Cumhuriyet BayramÄ±mÄ±zÄ± kutluyoruz. ğŸ‡¹ğŸ‡· #Cumhuriyet99YaÅŸÄ±nda",,0
ğŸ“£,,0
NiÅŸantaÅŸÄ± Ãœniversitesi NeoTech Campusâ€™te dersler baÅŸlÄ±yor! 2022-2023 ders programÄ±na linkten ulaÅŸabilirsiniz. https://nisantasi.edu.tr/duyuru/20222023-guz-donemi-ders-programlari-128928,"internet siteleriniz kaÃ§ haftadÄ±r Ã§Ã¶kmÃ¼ÅŸ durumda acaba haberiniz var mÄ±? ders programÄ±na girip bakamÄ±yoruz bile., Dersler baÅŸlÄ±yor ama ders seÃ§imi ile ilgili ne danÄ±ÅŸman hocalardan nede telefonla gÃ¶rÃ¼ÅŸtÃ¼ÄŸÃ¼mÃ¼z kiÅŸilerden bilgi alamÄ±yoruz kimse birÅŸey bilmiyor yada konu ile ilgili bilgileri yok.",2
SayÄ±n RektÃ¶rÃ¼mÃ¼z Prof. Dr. Åenay YalÃ§Ä±n HabertÃ¼rk te CanlÄ± YayÄ±nda,,0
Ä°stanbul NiÅŸantaÅŸÄ± Ãœniversitesi PÄ°O DirektÃ¶rÃ¼ Prof. Dr. Gresi Sanje 9 Ekim 2022 tarihinde â€œYakÄ±n Gelecekte Ä°ÅŸ DÃ¼nyasÄ± ve FÄ±rsatlarâ€ baÅŸlÄ±klÄ± semineriyle Ä°stanbul Coffee Festivaliâ€™nde!,,0
BM TÃ¼rkiye ve ortaklarÄ± SÃ¼rdÃ¼rÃ¼lebilir KalkÄ±nma AmaÃ§larÄ±na ulaÅŸÄ±lmasÄ± iÃ§in Ã§alÄ±ÅŸÄ±yor. Biz de Ä°stanbul NiÅŸantaÅŸÄ± Ãœniversitesi olarak bu hedeflerin yaygÄ±nlaÅŸmasÄ± ve toplumun bilinÃ§lenmesi amacÄ±yla hedeflerimizi herkese duyurmak istedik.  @NisantasiKS ğŸ’™,"Sevgili oglum yeni yaÅŸÄ±n Ä± saglÄ±k huzur ve mutluluk dolu nice yÄ±llara baban, Ã–nce akademisyenlerin ÅŸartlarÄ± Ã¶zlÃ¼k haklarÄ± evrensel Ã¶lÃ§Ã¼leri bÄ±rakÄ±n YÃ–K standartlarÄ±na getirilsin sonra reklam yaparsÄ±nÄ±z.",2
ÅampiyonlarÄ±n Ãœniversitesiâ€™ne bir ÅŸampiyonluk daha! Egzersiz ve Spor Bilimleri BÃ¶lÃ¼m BaÅŸkanÄ± DoÃ§. Dr. TÃ¼rker BÄ±yÄ±klÄ± nÄ±n Kuvvet Kondisyon koÃ§luÄŸunu yaptÄ±ÄŸÄ± GÃ¼reÅŸ Milli takÄ±mÄ±mÄ±z takÄ±m halinde dÃ¼nya ÅŸampiyonu oldu! Ã–ÄŸrencilerimizi ve hocamÄ±zÄ± tebrik ederiz.,,0
ASRE GOFTEGO QALAM Ä°NTERNATÄ°ONAL COMPANY ve Ä°STANBUL NÄ°ÅANTAÅI ÃœNÄ°VERSÄ°TESÄ°  iÅŸbirliÄŸi ile yÃ¶netici geliÅŸtirme programÄ± hakkÄ±ndaki detaylar iÃ§in etkinliÄŸe katÄ±lÄ±mÄ±nÄ±zÄ± bekleriz.,,0
"Neden Ä°stanbul NiÅŸantaÅŸÄ± Ãœniversitesi diye sorduk, geleceÄŸin Mavi DiplomalÄ± mezunlarÄ± yanÄ±tladÄ± ğŸ’™ #Ä°stanbulNiÅŸantaÅŸÄ±Ãœniversitesi","Hava trafik kontrolÃ¼ bÃ¶lÃ¼mÃ¼ ilk baÅŸlarda lisanssÄ±z bÃ¶lÃ¼m aÃ§arak Ã¶ÄŸrenci alan,4 yÄ±l okuyup mezun olmuÅŸ,eÄŸitim sÃ¼recinde elenen Ã¶ÄŸrencilerin maÄŸduriyeti halÃ¢ neden giderilmiyor.bizler iÃ§inÃ¶nemli sizin nezdinizde gÃ¶z ardÄ± ettiÄŸiniz bu konuda sÃ¼reÃ§ neden uzatÄ±lÄ±yor? Ã‡Ã¶zÃ¼m bekliyoruz",3
Ä°stanbul NiÅŸantaÅŸÄ± Ãœniversitesiâ€™nde Ek Tercih gÃ¼nleri baÅŸladÄ±! Tercih danÄ±ÅŸmanlarÄ±ndan profesyonel ÅŸekilde destek almak ve kariyerine bir adÄ±m daha yaklaÅŸmak iÃ§in seni de NeoTech Campusâ€™e bekliyoruz. #Ä°stanbulNiÅŸantaÅŸÄ±Ãœniversitesi,TÃ¼rkiye BÃ¼yÃ¼k Millet Meclisi nde kanunlaÅŸmÄ±ÅŸ YÃ–K yasasÄ±nÄ± 2.5 yÄ±ldÄ±r uygulamÄ±yorsunuz. Akademisyenlerin Ã¼cretlerini devlet Ã¼niversiteleri ile eÅŸitleyin. Eylemleriniz kanunsuz. Hukuk tanÄ±mayan bir Ã¼niversitede eÄŸitim olmaz.,1
"7-13 EylÃ¼l tarihleri arasÄ±ndaki ek tercihlerini yapmak iÃ§in EÄŸitim UzmanlarÄ±mÄ±z seni NeoTech Campus e bekliyor. Sen de gel, #MaviDiploma ile hayata yetiÅŸ! #Ä°stanbulNiÅŸantaÅŸÄ±Ãœniversitesi",,0
2022 YKS Ek Tercih GÃ¼nleri baÅŸlÄ±yor! 13 EylÃ¼lâ€™e kadar ek tercihlerini yapmak iÃ§in seni NeoTech Campusâ€™e bekliyoruz. #MaviDiploma #Ä°stanbulNiÅŸantaÅŸÄ±University #Ã–SYM #2022YKS #ektercih,,0
"DÃ¼nyanÄ±n en bÃ¼yÃ¼k havacÄ±lÄ±k, uzay ve teknoloji festivali TEKNOFEST Samsun final etabÄ±nda elektrikli araÃ§ takÄ±mÄ±mÄ±zÄ±n sunumu gerÃ§ekleÅŸtirildi.",,0
Mavi diplomağŸ“,Acaba kep tÃ¶reni tarihi belli olsa Ã§ok iyi olmaz mÄ±? (:,1
"Ã–ÄŸrenci Konsey BaÅŸkanÄ±mÄ±z Furkan Kalyoncu, Ä°stanbul ValiliÄŸi 30 AÄŸustos Zafer BayramÄ± BayramlaÅŸma TÃ¶reni Resepsiyonu na okulumuzu temsilen katÄ±ldÄ±. Ã–ÄŸrencimizi tebrik ederiz. #Ä°stanbulNiÅŸantaÅŸÄ±Ãœniversitesi #Ã–ÄŸrenciKonseyBaÅŸkanÄ±",,0
"Ã–ÄŸrenci Konsey BaÅŸkanÄ±mÄ±z Furkan Kalyoncu, Ä°stanbul ValiliÄŸi 30 AÄŸustos Zafer BayramÄ± BayramlaÅŸma TÃ¶reni Resepsiyonu na okulumuzu temsilen katÄ±ldÄ±. Ã–ÄŸrencimizi tebrik ederiz. #Ä°stanbulNiÅŸantaÅŸÄ±Ãœniversitesi #Ã–ÄŸrenciKonseyBaÅŸkanÄ±",PaÅŸam benim ğŸ’™ @mysteriouss1907,1
BazÄ± zaferler sonsuza dek kutlanÄ±r.ğŸ‡¹ğŸ‡· Bizlere baÄŸÄ±msÄ±zlÄ±ÄŸÄ±mÄ±zÄ± armaÄŸan eden Ulu Ã–nder Gazi Mustafa Kemal AtatÃ¼rk ve silah arkadaÅŸlarÄ±nÄ± saygÄ± ve minnetle anÄ±yoruz. Zaferimiz kutlu olsun! #30aÄŸustoszaferbayramÄ±mÄ±zkutluolsun,,0
#MalazgirtZaferimiz kutlu olsun.,,0
KYK Yurt baÅŸvurularÄ± baÅŸladÄ±ğŸ“Œ BaÅŸvuru yapmak iÃ§in https://turkiye.gov.tr/gsb-yurt-basvurusu tÄ±klayÄ±nÄ±z. #Ä°stanbulNiÅŸantaÅŸÄ±Ãœniversitesi #kykyurt,,0
Ä°stanbul NiÅŸantaÅŸÄ± Ãœniversitesi ve Imperial British UK tarafÄ±ndan hayata geÃ§irilen HazÄ±rlÄ±k SÄ±nÄ±fÄ± ile Ä°ngilizce hedefine Ã§ok yakÄ±nsÄ±n! EÄŸitimin sonunda alacaÄŸÄ±n Imperial British UK sertifikasÄ± ve Ä°ngilizce Ã¶ÄŸrenimine dair tÃ¼m sorularÄ±n iÃ§in seni  webinarÄ±mÄ±za bekliyoruz.,,0
8. UluslararasÄ± EMI GiriÅŸimcilik ve Sosyal Bilimler Kongresi 17-19 KasÄ±m 2022 tarihleri arasÄ±nda Aksaray-Kapadokyaâ€™da Aksaray Bilim Merkezi ev sahipliÄŸinde hibrit (yÃ¼z yÃ¼ze ve Ã§evrimiÃ§i) olarak dÃ¼zenlenecektir.,,0
The 8th International EMI Entrepreneurship Social Sciences Congress which has been held since 2018 in the fields of managerial and social sciences will be held on 17-19 November 2022 hosted by Aksaray Science Center as hybrid (face-to-face and online) in Aksaray-Cappadocia.,,0
Ã–ÄŸrencilerimize sordukğŸ’¬ #Ä°stanbulNiÅŸantaÅŸÄ±Ãœniversitesi,,0
2022 Erasmus+ Program Grant Distribution Results Published Istanbul NiÅŸantaÅŸÄ± University s 2022 Erasmus+ Study and Internship Mobility application has been accepted.,,0
"Ä°stanbul NiÅŸantaÅŸÄ± Ãœniversitesi ve NiÅŸantaÅŸÄ± EÄŸitim VakfÄ± Kurucusu SayÄ±n Dr. Levent Uysal, DB Schenker Arkas CEOâ€™u SayÄ±n Ã–zgÃ¼r Al ve Ä°K DirektÃ¶rÃ¼ SayÄ±n Taner YaÄŸbasanâ€™a Ã¶ÄŸrencilerimizin staj dÃ¶nemlerinde verdiÄŸi destek ve yaptÄ±klarÄ± ziyaretten dolayÄ± teÅŸekkÃ¼r etti.",,0
2022 YÄ±lÄ± Erasmus+ ProgramÄ± Hibe DaÄŸÄ±tÄ±m SonuÃ§larÄ± YayÄ±nlandÄ± Ä°stanbul NiÅŸantaÅŸÄ± Ãœniversitesiâ€™nin 2022 Erasmus+ Ã–ÄŸrenim ve Staj HareketliliÄŸi baÅŸvurusu kabul edildi. #Ä°stanbulNiÅŸantaÅŸÄ±Ãœniversitesi,,0
Ailemizin en yeni Ã¼yesi Gizem bu sene okula kayÄ±t yaptÄ±ran ilk Ã¶ÄŸrencimiz oldu. Kariyer yolculuÄŸunda baÅŸarÄ±lar dileriz GizemğŸ’™ #Ä°stanbulNiÅŸantaÅŸÄ±Ãœniversitesi #MaviDiploma,,0
AramÄ±za hoÅŸ geldin NiÅŸantaÅŸÄ±lÄ±!ğŸ’™ TÃ¼rkiyeâ€™nin ilk teknolojik kampÃ¼sÃ¼ NeoTech Campusâ€™te kariyerini planlamaya hazÄ±r mÄ±sÄ±n?  KayÄ±t iÅŸlemlerin iÃ§in seni kampÃ¼se bekliyoruz. #Ä°stanbulNiÅŸantaÅŸÄ±Ãœniversitesi #MaviDiploma,,0
AramÄ±za hoÅŸ geldin NiÅŸantaÅŸÄ±lÄ±! ğŸ’™ Sen hangi bÃ¶lÃ¼mÃ¼ tercih ederek hayallerine bir adÄ±m daha yaklaÅŸtÄ±n? KayÄ±t iÅŸlemelerin iÃ§in seni Ã¼niversitene bekliyoruz.  #Ä°stanbulNiÅŸantaÅŸÄ±Ãœniversitesi,"Neden only kayÄ±t yok, Maalesef gelemiyorum galiba..",2
#17Agustos1999 depreminde hayatÄ±nÄ± kaybeden tÃ¼m vatandaÅŸlarÄ±mÄ±zÄ± rahmetle anÄ±yoruz.,,0
Ailemize hoÅŸ geldinğŸ’™ KayÄ±t iÅŸlemlerini gerÃ§ekleÅŸtirmek iÃ§in seni NeoTech Campus e bekliyoruz. Gerekli tÃ¼m evrak ve diÄŸer detaylara ulaÅŸmak iÃ§in https://nisantasi.edu.tr/sayfa/kayit-icin-gerekli-evrak-ve-bilgiler tÄ±kla. #Ä°stanbulNiÅŸantaÅŸÄ±Ãœniversitesi #MaviDiploma,,0
Ä°stanbul NiÅŸantaÅŸÄ± Ãœniversitesiâ€™nde Tercih ve TanÄ±tÄ±m gÃ¼nleri devam ediyor. Tercihlerini yapan tÃ¼m adaylara baÅŸarÄ±lar dileriz. #MaviDiploma #Ä°stanbulNiÅŸantaÅŸÄ±Ãœniversitesi,,0
NeoTech Campusâ€™Ã¼ ziyaret eden Ã¶ÄŸrencimiz @enesbatur00 ve @UcerEcenazâ€™e teÅŸekkÃ¼r ederiz. Ä°yi ki geldinizğŸ’™,,0
"ÅampiyonlarÄ±n Ãœniversitesiâ€™ni, olimpiyatlarda temsil eden milli okÃ§umuz @metegazoz Tercih ve TanÄ±tÄ±m gÃ¼nlerinde NeoTech Campusâ€™Ã¼ ziyaret etti. Bir de seni kampÃ¼se beklediÄŸi mesajÄ±nÄ± iletti. ğŸ¹ #ÅampiyonlarÄ±nÃœniversitesi #Ä°stanbulNiÅŸantaÅŸÄ±Ãœniversitesi",,0
NiÅŸantaÅŸÄ± EÄŸitim VakfÄ± Kurucumuz Sn. Dr. @UysalLevent  ve TÄ±p FakÃ¼ltesi Kurucu DekanÄ± Prof. Dr. Soner Åahin @FOXTurkiye TV de Ã‡alar Saat programÄ±na konuk oldu. Haberi izlemek iÃ§in: https://youtube.com/watch?v=BPA2nvqPZ7A tÄ±klayÄ±nÄ±z. #Ä°stanbulNiÅŸantaÅŸÄ±Ãœniversitesi,,0
Kurye Akademisiâ€™nin Ä°lk MezunlarÄ± @fiyuutr â€˜lu! Ata Grubuâ€™na baÄŸlÄ± fiyuu Ã§alÄ±ÅŸanlarÄ± Ä°stanbul NiÅŸantaÅŸÄ± Ãœniversitesi SÃ¼rekli EÄŸitim Merkeziâ€™nin dÃ¼zenlemiÅŸ olduÄŸu eÄŸitim ile birinci dÃ¶nem mezunlarÄ±nÄ± verdi. #FiyuAkademi,,0
â€œKariyer Merkezi & Ä°ÅKURâ€ Ä°ÅŸ BirliÄŸi Ä°ÅŸ Ä°mkanlarÄ± ve daha fazlasÄ± hakkÄ±nda bilgi almak iÃ§in sizleri Kariyer Merkezi standÄ±mÄ±za bekliyoruz. #Ä°stanbulNiÅŸantaÅŸÄ±Ãœniversitesi,,0
"Ä°stanbul NiÅŸantaÅŸÄ± Ãœniversitesiâ€™nden Sivil HavacÄ±lÄ±kta BÃ¼yÃ¼k BaÅŸarÄ±! Ä°stanbul NiÅŸantaÅŸÄ± Ãœniversitesi, Sivil HavacÄ±lÄ±k Genel MÃ¼dÃ¼rlÃ¼ÄŸÃ¼ tarafÄ±ndan â€œTanÄ±nan Okul SertifikasÄ±â€ almaya hak kazandÄ±. #MaviDiploma #Ä°stanbulNiÅŸantaÅŸÄ±Ãœniversitesi",NiÅŸantaÅŸÄ± Ãœniversitesinden bÃ¼yÃ¼k bir baÅŸarÄ± daha ... ğŸ‘ğŸ‘ğŸ‘ğŸ§¿ğŸ§¿ğŸ§¿,1
Ãœniversite Tercih Merkezi EÄŸitim UzmanÄ± Muhammet Tosun @MuhammedTsn Tercih sÄ±ralamasÄ± geride olanlar iÃ§in Ã¶nemli aÃ§Ä±klamalarda bulundu.ğŸ“Œ #Ä°stanbulNiÅŸantaÅŸÄ±Ãœniversitesi #MaviDiploma,,0
"Ä°stanbul NiÅŸantaÅŸÄ± Ãœniversitesiâ€™nde tercih gÃ¼nleri baÅŸladÄ±. Hayallerine bir adÄ±m daha yaklaÅŸmak iÃ§in sen de gel, Mavi Diploma ile hayata yetiÅŸ. #TercihGÃ¼nleri #MaviDiploma #iÌ‡stanbulniÅŸantaÅŸÄ±Ã¼niversitesi",,0
Teknofest yarÄ±smasÄ±na katÄ±lÄ±m gÃ¶steren mekatronik mÃ¼hendisliÄŸi Ã¶ÄŸrencilerimiz TÃ¼rkiye Cumhuriyeti Sanayi ve Teknoloji BakanÄ± SayÄ±n Mustafa Varank Ä±n da stand ziyareti ile Teknofestâ€™te.,,0
"Ä°stanbul NiÅŸantaÅŸÄ± Ãœniversitesi Tercih GÃ¼nleri baÅŸladÄ±! Ä°lk tercihe %30 ve kampÃ¼ste tercihe +%5 burs iÃ§in seni bekliyoruz. Sen de NeoTech Campusâ€™e gel, Mavi Diploma ile hayata yetiÅŸ! #Ä°stanbulNiÅŸantaÅŸÄ±Ãœniversitesi #MaviDiploma #NeoTechCampus",Okula tartÄ± koydurmuÅŸsun. DoÄŸru mu?,1
Ä°stanbul NiÅŸantaÅŸÄ± Ãœniversitesi Tercih ve TanÄ±tÄ±m GÃ¼nleri baÅŸladÄ±! TÃ¼rkiyeâ€™nin ilk teknolojik kampÃ¼sÃ¼ NeoTech Campusâ€™te tercih uzmanlarÄ±mÄ±z ile birlikte kariyerine en doÄŸru baÅŸlangÄ±Ã§ iÃ§in seni kampÃ¼se bekliyoruz. #TercihGÃ¼nleri #MaviDiploma,,0
"YÃ–KAK Ã–ÄŸrenci DeÄŸerlendirici ve Kalite ElÃ§isi, Ã–ÄŸrenci Konseyi Denetleme Kurulu BaÅŸkanÄ± SÃ¼leyman SolmazgÃ¼l Ã¶ÄŸrencimizin 2022-2023 Akademik YÄ±lÄ± Ä°Ã§in Avrupa Ã–ÄŸrenci BirliÄŸi (ESU) Kalite GÃ¼vencesi Ã–ÄŸrenci Uzman Havuzuâ€™na Ã¼yelik baÅŸvurusu kabul edildi. Ã–ÄŸrencimizi tebrik ederiz.","1) Ufku Ä°le Ufkumuzu AÃ§an Vatan SathÄ±nda EÄŸitim GÃ¶nÃ¼llÃ¼sÃ¼ NiÅŸantaÅŸÄ± Ãœniversitesi MÃ¼tevelli Heyeti BaÅŸkanÄ± Dr. Levent UYSAL a SÃ¼rekli  Desteklerini Esirgemeyen Genel Sekreter Ahmet SÃœNGERÄ°Ã‡LÄ°OÄLU na Ã–ÄŸrenci DekanÄ± Fatih YILDIZ a Ã–ÄŸrenci DekanÄ± SavaÅŸ Ã‡AKMAKCI ya.., 2) ...Strateji GeliÅŸtirme Daire BaÅŸkanÄ± Murat AYDIN a Ã–ÄŸrenci Ä°ÅŸleri Daire BaÅŸkanÄ±  Erhan DERÄ°N e Ve Ã–ncÃ¼ Fikirleriyle Ufkumuzu AydÄ±nlatan Erciyes Ãœniversitesi SaÄŸlÄ±k Bilimleri FakÃ¼ltesi DekanÄ± SayÄ±n Prof. Dr. Sultan TAÅÃ‡I Hocama En Kalbi Duygularla TeÅŸekkÃ¼r Ederim., YÃ¼ce Allah VarlÄ±ÄŸÄ±nÄ±zÄ± BaÅŸarÄ±larÄ±nÄ±zÄ± Daim KÄ±lsÄ±n Aziz Dost Gurur Duydum, TEBRÄ°KLER BAÅKANIM ğŸ¤˜ğŸ‡¹ğŸ‡· NE MUTLU TÃœRKÃœM DÄ°YENE!, DeÄŸerli SÃ¼leyman baÅŸkanÄ±m tebirkler... GURURUMUZSUN ğŸ’›â¤ï¸ğŸ§¿ğŸ‡¹ğŸ‡· #malatya, ğŸ‡¹ğŸ‡·ğŸ‡¹ğŸ‡·ğŸ‡¹ğŸ‡·ğŸ¤˜ğŸ¤˜ğŸ¤˜ ğŸ‡¹ğŸ‡·ğŸ‡¹ğŸ‡·ğŸ‡¹ğŸ‡·â˜ï¸â˜ï¸â˜ï¸ ne mutlu TÃœRKÃœM diyene! Tebrikler ğŸ‘ğŸ‘ğŸ‘ğŸ‘ğŸ‘ğŸ‘ğŸ‘, Her daim her platformda TÃ¼rk Ã¼n gÃ¼r sesi olan reisim rabbim yolunu aÃ§Ä±k etsin. MaÅŸallah tebrikler ğŸºğŸ‡¹ğŸ‡·, Akademisyenleri Ã¼cretsiz izinde gÃ¶stericekmisiniz? AlakasÄ±z derse alakasÄ±z hocalarÄ± yazÄ±p paradan tasarruf edecek misiniz? TÃœMA araÅŸtÄ±rmasÄ±nda 125. SÄ±rada olmanÄ±zÄ±n nedeni kÃ¶tÃ¼ yÃ¶netim anlayÄ±ÅŸÄ± mi? Ä°lginÃ§ YÃ¶netim bilimleri dersi verilip nasil yÃ¶netilir dersi verilirken siz?",8
Ä°stanbul NiÅŸantaÅŸÄ± Ãœniversitesi ile W Istanbul Grubu arasÄ±nda Ã¶ÄŸrencilerimizin staj ve istihdam edilmesi konusunda iÅŸ birliÄŸi imzalandÄ±. W Ä°stanbul Ailesine teÅŸekkÃ¼r ederiz. #WÄ°stanbul,,0
TÃ¼m Ã¶ÄŸrencilerimizi tebrik ederiz. ğŸ† #ÅampiyonlarÄ±nÃœniversitesi,,0
#ÅampiyonlarÄ±nÃœniversitesi Masa Tenisinde 3 yÄ±ldÄ±r Avrupa Åampiyonu! Avrupa Ãœniversiteler Spor OyunlarÄ± nda (EUSA) mÃ¼cadele eden Ãœniversitemiz KadÄ±n ve Erkek Masa Tenisi sporcularÄ± bir kez daha TÃ¼rkiyeâ€™ye ÅŸampiyonluÄŸu getirdi. Ã–ÄŸrencilerimizi tebrik ederiz. #EUSA #MasaTenisi,,0
Ä°stanbul NiÅŸantaÅŸÄ± Ãœniversitesi Ã–zel Yetenek sÄ±navlarÄ± baÅŸlÄ±yor! Konservatuvar MÃ¼zik Ã–zel Yetenek SÄ±navÄ± baÅŸvuru ve detaylarÄ± iÃ§in https://neotech.link/?id=1789 tÄ±klayÄ±nÄ±z. #Ä°stanbulNiÅŸantaÅŸÄ±Ãœniversitesi #Ã–zelYetenek #MaviDiploma,,0
Ä°stanbul NiÅŸantaÅŸÄ± Ãœniversitesi Ã–zel Yetenek sÄ±navlarÄ± baÅŸlÄ±yor! Konservatuvar Oyunculuk Ã–zel Yetenek SÄ±navÄ± baÅŸvuru ve detaylarÄ± iÃ§in https://neotech.link/?id=2085 tÄ±klayÄ±nÄ±z. #Ä°stanbulNiÅŸantaÅŸÄ±Ãœniversitesi #Ã–zelYetenek #MaviDiploma,,0
Ä°stanbul NiÅŸantaÅŸÄ± Ãœniversitesi Ã–zel Yetenek sÄ±navlarÄ± baÅŸlÄ±yor! Tekstil ve Moda TasarÄ±mÄ± Ã–zel Yetenek SÄ±navÄ± baÅŸvuru ve detaylarÄ± iÃ§in https://neotech.link/?id=3203 tÄ±klayÄ±nÄ±z. #Ä°stanbulNiÅŸantaÅŸÄ±Ãœniversitesi #Ã–zelYetenek #MaviDiploma,,0
Ä°stanbul NiÅŸantaÅŸÄ± Ãœniversitesi Ã–zel Yetenek sÄ±navlarÄ± baÅŸlÄ±yor! Hava Trafik KontrolÃ¼ Ã–zel Yetenek SÄ±navÄ± baÅŸvuru ve detaylarÄ± iÃ§in https://neotech.link/?id=6702 tÄ±klayÄ±nÄ±z. #Ä°stanbulNiÅŸantaÅŸÄ±Ãœniversitesi #Ã–zelYetenek #MaviDiploma,,0
Ä°stanbul NiÅŸantaÅŸÄ± Ãœniversitesi Ã–zel Yetenek sÄ±navlarÄ± baÅŸlÄ±yor! Grafik TasarÄ±mÄ± Ã–zel Yetenek SÄ±navÄ± baÅŸvuru ve detaylarÄ± iÃ§in https://neotech.link/?id=5395 tÄ±klayÄ±nÄ±z. #Ä°stanbulNiÅŸantaÅŸÄ±Ãœniversitesi #Ã–zelYetenek #MaviDiploma,,0
2022 YKS TanÄ±tÄ±m GÃ¼nleri baÅŸladÄ±! BugÃ¼nden itibaren 5 AÄŸustosâ€™a kadar Ã¼niversite tercihini yapmak iÃ§in seni NeoTech Campusâ€™e bekliyoruz. #MaviDiploma #Ä°stanbulNiÅŸantaÅŸÄ±University #Ã–SYM #2022YKS,"Ã–ÄŸrenci affÄ± ile ilgili aÃ§Ä±klama bekliyoruz !, Merhaba. SorularÄ±nÄ±zÄ± afbasvuru@nisantasi.edu.tr adresinden iletebilirsiniz. Size hÄ±zlÄ±ca dÃ¶nÃ¼ÅŸ saÄŸlanacaktÄ±r. BaÅŸarÄ±lar., TeÅŸekkÃ¼r, ğŸ‘ğŸ‘ğŸ‘, ğŸ‘, Mavi diploma nedir Avrupada gÃ¶remedim. bir ornegini koysanÄ±z buraya. #MaviDiploma, Hocalarin maasini esitlediniz mi?",7
Ä°stanbul NiÅŸantaÅŸÄ± Ãœniversitesi Ã–zel Yetenek sÄ±navlarÄ± baÅŸlÄ±yor! BESYO Ã–zel Yetenek SÄ±navÄ± baÅŸvuru ve detaylarÄ± iÃ§in https://neotech.link/?id=5775 tÄ±klayÄ±nÄ±z.  #Ä°stanbulNiÅŸantaÅŸÄ±Ãœniversitesi #Ã–zelYetenek #BESYO #ÅampiyonlarÄ±nÃœniversitesi #MaviDiploma,,0
Finaldeyiz! ğŸ† Technical of University Ostrava ile oynadÄ±ÄŸÄ±mÄ±z yarÄ± final mÃ¼sabakasÄ±nda rakibimizi 3-1 yenerek erkek masa tenisi takÄ±mÄ±mÄ±z finale yÃ¼kseldi. Final yolundaki Ã¶ÄŸrencilerimize baÅŸarÄ±lar dileriz.,,0
#15TemmuzDemokrasiveMilliBirlikGÃ¼nÃ¼,,0
Polonyaâ€™da dÃ¼zenlenecek olan Avrupa Ãœniversiteler ÅampiyonasÄ±â€™nda Ãœniversitemiz KadÄ±n ve Erkek Masa Tenisi takÄ±mÄ± bir kez daha TÃ¼rkiyeâ€™ye ÅŸampiyonluÄŸu getirmek iÃ§in yola Ã§Ä±ktÄ±ğŸ† @trtspor â€˜un yapmÄ±ÅŸ olduÄŸu haber detaylarÄ± iÃ§in https://neotech.link/?id=7836 tÄ±klayÄ±nÄ±z.,,0
"â€œNiÅŸantaÅŸÄ± Ãœniversitesiâ€™nin Japon ortaklÄ± uÃ§an otomobili Silikon Vadisi yolcusuâ€ konulu, NiÅŸantaÅŸÄ± EÄŸitim VakfÄ± BaÅŸkanÄ±mÄ±z SayÄ±n Dr. Levent Uysal â€˜Ä±n DÃ¼nya Gazetesi â€˜ne vermiÅŸ olduÄŸu rÃ¶portajÄ± okumak iÃ§in https://dunya.com/amp/kose-yazisi/nisantasinin-japon-ortakli-ucan-otomobili-silikon-vadisi-yolcusu/663217 tÄ±klayÄ±nÄ±z.",,0
"TÃ¼rk SinemasÄ±nÄ±n usta ismi, hepimizin Ã§ocukluk kahramanÄ±; Kara Murat Ä±, Battal Gazi si, MalloÃ§oÄŸlu su #CÃ¼neytArkÄ±nâ€™Ä± rahmetle anÄ±yoruz.",,0
"Siber Yetenek Yaz KampÄ± kapsamÄ±nda; Dr. Arzu KÄ°LÄ°TCÄ° CALAYIRâ€™Ä±n moderatÃ¶rlÃ¼ÄŸÃ¼nde, siber yetenek Senad AruÃ§ ile DÃ¼nyanÄ±n ihtiyaÃ§ duyduÄŸu siber yeteneklerin kiÅŸisel ve mesleki becerileri Ã¼zerine konuÅŸacaÄŸÄ±z. Ãœcretsiz kayÄ±t iÃ§in: http://siberyetenek.online tÄ±klayÄ±nÄ±z.",,0
"Profesyonel Valorant oyuncularÄ±nÄ±n mÃ¼cadelesini izlemeye davetlisin! Dans gÃ¶sterileri, sÃ¼rpriz hediyeler ve Ã§ok daha fazlasÄ± iÃ§in http://lidomapedia.com â€™dan Ã¼cretsiz davetiyeni oluÅŸtur, NeoTech Campusâ€™teki etkinliÄŸi canlÄ± izle. Tarih: 27 Haziranâœ¨",,0
"Ã–ÄŸrencimiz Furkan YÄ±ldÄ±z, Ä°talyaâ€™nÄ±n Roma kentinde dÃ¼zenlenen Matteo Pellicone GÃ¼reÅŸ TurnuvasÄ±â€™nda ikinci olarak ÅŸampiyonayÄ± GÃ¼mÃ¼ÅŸ Madalya ile tamamladÄ±. Ã–ÄŸrencimizi tebrik eder baÅŸarÄ±larÄ±nÄ±n devamÄ±nÄ± dileriz. #ÅampiyonlarÄ±nÃœniversitesi",,0
"NiÅŸantaÅŸÄ± Ãœniversitesi KÃ¼ltÃ¼r Sanat KoordinatÃ¶rlÃ¼ÄŸÃ¼, NKS TALKS KapsamÄ±nda â€œÄ°leri Ã‡ekim Teknikleri AtÃ¶lyesiniâ€ gerÃ§ekleÅŸtiriyor. DoÃ§.Dr. Nagihan Ã‡akarâ€™Ä±n moderatÃ¶rlÃ¼ÄŸÃ¼nÃ¼ yapacaÄŸÄ± bu atÃ¶lyede sektÃ¶rÃ¼n nabzÄ± tutuluyor. #NiÅŸantaÅŸuÃœniversitesi",,0
Ä°stanbul NiÅŸantaÅŸÄ± University signed a Memorandum of Understanding with the Uzbekistan State Institute of Arts and Culture University ğŸ‡ºğŸ‡¿ğŸ¤ğŸ‡¹ğŸ‡· #Ä°stanbulNiÅŸantaÅŸÄ±University,,0
"NiÅŸantaÅŸÄ± University signed a Memorandum of Understanding with TEAM University, UzbekistanğŸ‡ºğŸ‡¿ğŸ¤ğŸ‡¹ğŸ‡· The parties will exchange students, teachers, and researchers and will perform educational activities.",,0
Pakistanâ€™dan gelen aday Ã¶ÄŸrencilerimizi Neotech Campusâ€™te aÄŸÄ±rladÄ±k ğŸ‡µğŸ‡°ğŸ‡¹ğŸ‡· We hosted our prospect students from Pakistan at NeoTech Campus ğŸ‡µğŸ‡°ğŸ‡¹ğŸ‡· #NiÅŸantaÅŸÄ±Ãœniversitesi,,0
7. Uluslararasi EMI GiriÅŸimcilik ve Sosyal Bilimler Kongresi Team University TaÅŸkent KampÃ¼sÃ¼â€™nde baÅŸladÄ±. #TeamUniversity #NiÅŸantaÅŸÄ±Ãœniversitesi,,0
Bu yÄ±l Ã–zbekistanâ€™Ä±n BaÅŸkenti TaÅŸkentâ€™te dÃ¼zenlenecek olan Team University ve NiÅŸantaÅŸÄ± Ãœniversitesiâ€™nin birlikte dÃ¼zenleyecekleri 7.UluslararasÄ± GiriÅŸimcilik ve Sosyal Bilimler Kongresi bugÃ¼n baÅŸlÄ±yorğŸ“Œ,,0
"Bu yÄ±l hibrit olarak dÃ¼zenlenecek olan kongreye, 29 farklÄ± Ã¼lkeden 124 farklÄ± kurum ve Ã¼niversiteden 278 akademisyenin bildirisi kabul almÄ±ÅŸtÄ±r.",,0
Kongrenin aÃ§Ä±lÄ±ÅŸ oturumunda universitemiz UluslararasÄ± IliÅŸkiler Koordinatoru Hazar DÃ¶rdÃ¼ncÃ¼ (@hazardorduncu)Anahtar KonuÅŸmacÄ± olarak â€œUluslararasÄ± Ã–ÄŸrenci HareketliliÄŸiâ€ kapsamÄ±nda sunum gerÃ§ekleÅŸtirecektir.,,0
"Ä°lklerimizin ve en unutulmaz anÄ±larÄ±mÄ±zÄ±n baÅŸrolleri, sevgisini her zaman yanÄ± baÅŸÄ±mÄ±zda hissettiÄŸimiz deÄŸerli babalarÄ±mÄ±zÄ±n Babalar GÃ¼nÃ¼ kutlu olsun. #NiÅŸantaÅŸÄ±Ãœniversitesi #BabalarGÃ¼nÃ¼",,0
NiÅŸantaÅŸÄ± EÄŸitim VakfÄ± Kurucumuz SayÄ±n Dr. Levent Uysal (@UysalLevent) bugÃ¼n saat 16.00â€™da Ãœlke Tvâ€™de YayÄ±nda.,,0
NiÅŸantaÅŸÄ± EÄŸitim VakfÄ± Kurucumuz SayÄ±n Dr. Levent Uysal (@UysalLevent) bugÃ¼n saat 14.00â€™te CNN TÃ¼rkâ€™te canlÄ± yayÄ±nda. #NiÅŸantaÅŸÄ±Ãœniversitesi,,0
Erken kayÄ±t yenilemede son baÅŸvuru ğŸ“Œ DetaylÄ± bilgi iÃ§in https://nisantasi.edu.tr/duyuru/erken-kayit-yenilemede-son-donem-283637?dil=tr tÄ±klayÄ±nÄ±z. #NiÅŸantaÅŸÄ±Ãœniversitesi,,0
Our Dear StudentsğŸ“Œ for detailed information for https://nisantasi.edu.tr/duyuru/final-term-for-early-registration-renewal-314021?dil=eng .,,0
"â€œSiber Yetenek Yaz KampÄ±"" Ã§erÃ§evesinde; Siber GÃ¼venlik konusunda Ã§alÄ±ÅŸmak isteyen yeteneklere yol haritasÄ± Ã§izmek ve bu yeteneklerin Bulut GÃ¼venliÄŸi alanÄ±nda yetkinliklerini geliÅŸtirmek amaÃ§lanmaktadÄ±r. Detaylar ve baÅŸvuru iÃ§in https://siberyetenek.online tÄ±klayÄ±nÄ±z.",,0
